# ************************************************************
# Sequel Pro SQL dump
# Version 4096
#
# http://www.sequelpro.com/
# http://code.google.com/p/sequel-pro/
#
# Host: 192.168.2.205 (MySQL 5.5.32-0ubuntu0.12.04.1)
# Database: Ayecka
# Generation Time: 2013-11-13 14:10:30 +0000
# ************************************************************


/*!40101 SET @OLD_CHARACTER_SET_CLIENT=@@CHARACTER_SET_CLIENT */;
/*!40101 SET @OLD_CHARACTER_SET_RESULTS=@@CHARACTER_SET_RESULTS */;
/*!40101 SET @OLD_COLLATION_CONNECTION=@@COLLATION_CONNECTION */;
/*!40101 SET NAMES utf8 */;
/*!40014 SET @OLD_FOREIGN_KEY_CHECKS=@@FOREIGN_KEY_CHECKS, FOREIGN_KEY_CHECKS=0 */;
/*!40101 SET @OLD_SQL_MODE=@@SQL_MODE, SQL_MODE='NO_AUTO_VALUE_ON_ZERO' */;
/*!40111 SET @OLD_SQL_NOTES=@@SQL_NOTES, SQL_NOTES=0 */;


# Dump of table sr1mib
# ------------------------------------------------------------

DROP TABLE IF EXISTS `sr1mib`;

CREATE TABLE `sr1mib` (
  `name` varchar(100) NOT NULL,
  `oid` text,
  `type` text,
  PRIMARY KEY (`name`)
) ENGINE=InnoDB DEFAULT CHARSET=latin1;

LOCK TABLES `sr1mib` WRITE;
/*!40000 ALTER TABLE `sr1mib` DISABLE KEYS */;

INSERT INTO `sr1mib` (`name`, `oid`, `type`)
VALUES
	('acquisitionBandwidth1','1.3.6.1.4.1.27928.101.1.1.1.1.2.0','u'),
	('acquisitionBandwidth2','1.3.6.1.4.1.27928.101.1.1.2.1.2.0','u'),
	('acquisitionBandwidth3','1.3.6.1.4.1.27928.101.1.2.1.1.2.0','u'),
	('acquisitionBandwidth4','1.3.6.1.4.1.27928.101.1.2.2.1.2.0','u'),
	('airIpAddress','1.3.6.1.4.1.27928.101.2.20.0','a'),
	('airMacAddress','1.3.6.1.4.1.27928.101.2.21.0','macAddress'),
	('badFrameCount1','1.3.6.1.4.1.27928.101.1.1.4.15.0','u'),
	('badFrameCount2','1.3.6.1.4.1.27928.101.1.2.4.15.0','u'),
	('badPacketCount1','1.3.6.1.4.1.27928.101.1.1.4.16.0','u'),
	('badPacketCount2','1.3.6.1.4.1.27928.101.1.2.4.16.0','u'),
	('ber1','1.3.6.1.4.1.27928.101.1.1.4.5.0','u'),
	('ber2','1.3.6.1.4.1.27928.101.1.2.4.5.0','u'),
	('bootloaderImageFilename','1.3.6.1.4.1.27928.101.3.25.0','s'),
	('bootloaderVersionActive','1.3.6.1.4.1.27928.101.3.28.1.5','i'),
	('bootloaderVersionIndex','1.3.6.1.4.1.27928.101.3.28.1.1','i'),
	('bootloaderVersionSize','1.3.6.1.4.1.27928.101.3.28.1.3','u'),
	('bootloaderVersionValid','1.3.6.1.4.1.27928.101.3.28.1.4','i'),
	('bootloaderVersionValue','1.3.6.1.4.1.27928.101.3.28.1.2','s'),
	('codingMode1','1.3.6.1.4.1.27928.101.1.1.1.2.3.0','i'),
	('codingMode2','1.3.6.1.4.1.27928.101.1.1.2.2.3.0','i'),
	('codingMode3','1.3.6.1.4.1.27928.101.1.2.1.2.3.0','i'),
	('codingMode4','1.3.6.1.4.1.27928.101.1.2.2.2.3.0','i'),
	('coldReset','1.3.6.1.4.1.27928.101.3.2.0','i'),
	('compensation1','1.3.6.1.4.1.27928.101.1.1.1.3.2.0','i'),
	('compensation2','1.3.6.1.4.1.27928.101.1.1.2.3.2.0','i'),
	('compensation3','1.3.6.1.4.1.27928.101.1.2.1.3.2.0','i'),
	('compensation4','1.3.6.1.4.1.27928.101.1.2.2.3.2.0','i'),
	('counterCrcErrors1','1.3.6.1.4.1.27928.101.1.1.1.4.3.1.6','u'),
	('counterCrcErrors2','1.3.6.1.4.1.27928.101.1.1.2.4.3.1.6','u'),
	('counterCrcErrors3','1.3.6.1.4.1.27928.101.1.2.1.4.3.1.6','u'),
	('counterCrcErrors4','1.3.6.1.4.1.27928.101.1.2.2.4.3.1.6','u'),
	('counterMpeDiscarded1','1.3.6.1.4.1.27928.101.1.1.1.4.3.1.7','u'),
	('counterMpeDiscarded2','1.3.6.1.4.1.27928.101.1.1.2.4.3.1.7','u'),
	('counterMpeDiscarded3','1.3.6.1.4.1.27928.101.1.2.1.4.3.1.7','u'),
	('counterMpeDiscarded4','1.3.6.1.4.1.27928.101.1.2.2.4.3.1.7','u'),
	('counterMpeSections1','1.3.6.1.4.1.27928.101.1.1.1.4.3.1.5','u'),
	('counterMpeSections2','1.3.6.1.4.1.27928.101.1.1.2.4.3.1.5','u'),
	('counterMpeSections3','1.3.6.1.4.1.27928.101.1.2.1.4.3.1.5','u'),
	('counterMpeSections4','1.3.6.1.4.1.27928.101.1.2.2.4.3.1.5','u'),
	('counterPidPassed1','1.3.6.1.4.1.27928.101.1.1.1.4.3.1.4','u'),
	('counterPidPassed2','1.3.6.1.4.1.27928.101.1.1.2.4.3.1.4','u'),
	('counterPidPassed3','1.3.6.1.4.1.27928.101.1.2.1.4.3.1.4','u'),
	('counterPidPassed4','1.3.6.1.4.1.27928.101.1.2.2.4.3.1.4','u'),
	('crcErrors1','1.3.6.1.4.1.27928.101.1.1.4.12.0','u'),
	('crcErrors2','1.3.6.1.4.1.27928.101.1.2.4.12.0','u'),
	('demodulatorStatus1','1.3.6.1.4.1.27928.101.1.1.4.11.0','i'),
	('demodulatorStatus2','1.3.6.1.4.1.27928.101.1.2.4.11.0','i'),
	('encapsulation1','1.3.6.1.4.1.27928.101.1.1.1.4.2.0','i'),
	('encapsulation2','1.3.6.1.4.1.27928.101.1.1.2.4.2.0','i'),
	('encapsulation3','1.3.6.1.4.1.27928.101.1.2.1.4.2.0','i'),
	('encapsulation4','1.3.6.1.4.1.27928.101.1.2.2.4.2.0','i'),
	('esno1','1.3.6.1.4.1.27928.101.1.1.4.4.0','i'),
	('esno2','1.3.6.1.4.1.27928.101.1.2.4.4.0','i'),
	('ethernetAddress1','1.3.6.1.4.1.27928.101.1.1.1.4.3.1.3','macAddress'),
	('ethernetAddress2','1.3.6.1.4.1.27928.101.1.1.2.4.3.1.3','macAddress'),
	('ethernetAddress3','1.3.6.1.4.1.27928.101.1.2.1.4.3.1.3','macAddress'),
	('ethernetAddress4','1.3.6.1.4.1.27928.101.1.2.2.4.3.1.3','macAddress'),
	('filterIndex1','1.3.6.1.4.1.27928.101.1.1.1.4.3.1.1','i'),
	('filterIndex2','1.3.6.1.4.1.27928.101.1.1.2.4.3.1.1','i'),
	('filterIndex3','1.3.6.1.4.1.27928.101.1.2.1.4.3.1.1','i'),
	('filterIndex4','1.3.6.1.4.1.27928.101.1.2.2.4.3.1.1','i'),
	('filterMulticastMode1','1.3.6.1.4.1.27928.101.1.1.1.4.3.1.10','i'),
	('filterMulticastMode2','1.3.6.1.4.1.27928.101.1.1.2.4.3.1.10','i'),
	('filterMulticastMode3','1.3.6.1.4.1.27928.101.1.2.1.4.3.1.10','i'),
	('filterMulticastMode4','1.3.6.1.4.1.27928.101.1.2.2.4.3.1.10','i'),
	('filterStatus1','1.3.6.1.4.1.27928.101.1.1.1.4.3.1.8','i'),
	('filterStatus2','1.3.6.1.4.1.27928.101.1.1.2.4.3.1.8','i'),
	('filterStatus3','1.3.6.1.4.1.27928.101.1.2.1.4.3.1.8','i'),
	('filterStatus4','1.3.6.1.4.1.27928.101.1.2.2.4.3.1.8','i'),
	('fpgaImageFilename','1.3.6.1.4.1.27928.101.3.15.0','s'),
	('fpgaVersion','1.3.6.1.4.1.27928.101.3.6.0','s'),
	('fpgaVersionActive','1.3.6.1.4.1.27928.101.3.17.1.5','i'),
	('fpgaVersionIndex','1.3.6.1.4.1.27928.101.3.17.1.1','i'),
	('fpgaVersionSize','1.3.6.1.4.1.27928.101.3.17.1.3','u'),
	('fpgaVersionValid','1.3.6.1.4.1.27928.101.3.17.1.4','i'),
	('fpgaVersionValue','1.3.6.1.4.1.27928.101.3.17.1.2','s'),
	('frameTypeStatus1','1.3.6.1.4.1.27928.101.1.1.4.10.0','i'),
	('frameTypeStatus2','1.3.6.1.4.1.27928.101.1.2.4.10.0','i'),
	('frequency1','1.3.6.1.4.1.27928.101.1.1.1.1.1.0','u'),
	('frequency2','1.3.6.1.4.1.27928.101.1.1.2.1.1.0','u'),
	('frequency3','1.3.6.1.4.1.27928.101.1.2.1.1.1.0','u'),
	('frequency4','1.3.6.1.4.1.27928.101.1.2.2.1.1.0','u'),
	('frequencyOffset1','1.3.6.1.4.1.27928.101.1.1.4.2.0','i'),
	('frequencyOffset2','1.3.6.1.4.1.27928.101.1.2.4.2.0','i'),
	('gain1','1.3.6.1.4.1.27928.101.1.1.1.1.3.0','i'),
	('gain2','1.3.6.1.4.1.27928.101.1.1.2.1.3.0','i'),
	('gain3','1.3.6.1.4.1.27928.101.1.2.1.1.3.0','i'),
	('gain4','1.3.6.1.4.1.27928.101.1.2.2.1.3.0','i'),
	('goldCode1','1.3.6.1.4.1.27928.101.1.1.1.2.8.0','i'),
	('goldCode2','1.3.6.1.4.1.27928.101.1.1.2.2.8.0','i'),
	('goldCode3','1.3.6.1.4.1.27928.101.1.2.1.2.8.0','i'),
	('goldCode4','1.3.6.1.4.1.27928.101.1.2.2.2.8.0','i'),
	('hardwareVersion','1.3.6.1.4.1.27928.101.3.7.0','s'),
	('isi1','1.3.6.1.4.1.27928.101.1.1.1.4.1.0','i'),
	('isi2','1.3.6.1.4.1.27928.101.1.1.2.4.1.0','i'),
	('isi3','1.3.6.1.4.1.27928.101.1.2.1.4.1.0','i'),
	('isi4','1.3.6.1.4.1.27928.101.1.2.2.4.1.0','i'),
	('isolateNets','1.3.6.1.4.1.27928.101.2.22.0','i'),
	('lanDefaultGateway','1.3.6.1.4.1.27928.101.2.13.0','a'),
	('lanDhcpClient','1.3.6.1.4.1.27928.101.2.15.0','i'),
	('lanIpAddress','1.3.6.1.4.1.27928.101.2.10.0','a'),
	('lanMacAddress','1.3.6.1.4.1.27928.101.2.14.0','macAddress'),
	('lanMulticastMode','1.3.6.1.4.1.27928.101.2.12.0','i'),
	('lanSubnetMask','1.3.6.1.4.1.27928.101.2.11.0','a'),
	('linkMargin1','1.3.6.1.4.1.27928.101.1.1.4.6.0','i'),
	('linkMargin2','1.3.6.1.4.1.27928.101.1.2.4.6.0','i'),
	('lnbPower1','1.3.6.1.4.1.27928.101.1.1.1.3.1.0','i'),
	('lnbPower2','1.3.6.1.4.1.27928.101.1.1.2.3.1.0','i'),
	('lnbPower3','1.3.6.1.4.1.27928.101.1.2.1.3.1.0','i'),
	('lnbPower4','1.3.6.1.4.1.27928.101.1.2.2.3.1.0','i'),
	('managementDefaultGateway','1.3.6.1.4.1.27928.101.2.4.0','a'),
	('managementDhcpClient','1.3.6.1.4.1.27928.101.2.5.0','i'),
	('managementDscp','1.3.6.1.4.1.27928.101.2.6.0','i'),
	('managementIpAddress','1.3.6.1.4.1.27928.101.2.1.0','a'),
	('managementMacAddress','1.3.6.1.4.1.27928.101.2.3.0','macAddress'),
	('managementMulticastMode','1.3.6.1.4.1.27928.101.2.8.0','i'),
	('managementSubnetMask','1.3.6.1.4.1.27928.101.2.2.0','a'),
	('managementVlanId','1.3.6.1.4.1.27928.101.2.7.0','i'),
	('menuTimeout','1.3.6.1.4.1.27928.101.3.23.0','u'),
	('modcod1','1.3.6.1.4.1.27928.101.1.1.1.2.4.0','i'),
	('modcod2','1.3.6.1.4.1.27928.101.1.1.2.2.4.0','i'),
	('modcod3','1.3.6.1.4.1.27928.101.1.2.1.2.4.0','i'),
	('modcod4','1.3.6.1.4.1.27928.101.1.2.2.2.4.0','i'),
	('modcodStatus1','1.3.6.1.4.1.27928.101.1.1.4.7.0','i'),
	('modcodStatus2','1.3.6.1.4.1.27928.101.1.2.4.7.0','i'),
	('ntpServerIpAddress','1.3.6.1.4.1.27928.101.3.10.0','a'),
	('password','1.3.6.1.4.1.27928.101.3.9.0','s'),
	('permanentStorageDevice','1.3.6.1.4.1.27928.101.3.21.0','s'),
	('pid1','1.3.6.1.4.1.27928.101.1.1.1.4.3.1.2','i'),
	('pid2','1.3.6.1.4.1.27928.101.1.1.2.4.3.1.2','i'),
	('pid3','1.3.6.1.4.1.27928.101.1.2.1.4.3.1.2','i'),
	('pid4','1.3.6.1.4.1.27928.101.1.2.2.4.3.1.2','i'),
	('pilots1','1.3.6.1.4.1.27928.101.1.1.1.2.6.0','i'),
	('pilots2','1.3.6.1.4.1.27928.101.1.1.2.2.6.0','i'),
	('pilots3','1.3.6.1.4.1.27928.101.1.2.1.2.6.0','i'),
	('pilots4','1.3.6.1.4.1.27928.101.1.2.2.2.6.0','i'),
	('pilotsStatus1','1.3.6.1.4.1.27928.101.1.1.4.9.0','i'),
	('pilotsStatus2','1.3.6.1.4.1.27928.101.1.2.4.9.0','i'),
	('powerLevel1','1.3.6.1.4.1.27928.101.1.1.4.3.0','i'),
	('powerLevel2','1.3.6.1.4.1.27928.101.1.2.4.3.0','i'),
	('productionCode','1.3.6.1.4.1.27928.101.3.4.0','u'),
	('profileName1','1.3.6.1.4.1.27928.101.1.1.1.5.0','s'),
	('profileName2','1.3.6.1.4.1.27928.101.1.1.2.5.0','s'),
	('profileName3','1.3.6.1.4.1.27928.101.1.2.1.5.0','s'),
	('profileName4','1.3.6.1.4.1.27928.101.1.2.2.5.0','s'),
	('resetCounters1','1.3.6.1.4.1.27928.101.1.1.4.14.0','i'),
	('resetCounters2','1.3.6.1.4.1.27928.101.1.2.4.14.0','i'),
	('rf1Conf1Table','1.3.6.1.4.1.27928.101.1.1.1.4.3',NULL),
	('rf1Conf2Table','1.3.6.1.4.1.27928.101.1.1.2.4.3',NULL),
	('rf2Conf1Table','1.3.6.1.4.1.27928.101.1.2.1.4.3',NULL),
	('rf2Conf2Table','1.3.6.1.4.1.27928.101.1.2.2.4.3',NULL),
	('rollOff1','1.3.6.1.4.1.27928.101.1.1.1.2.5.0','i'),
	('rollOff2','1.3.6.1.4.1.27928.101.1.1.2.2.5.0','i'),
	('rollOff3','1.3.6.1.4.1.27928.101.1.2.1.2.5.0','i'),
	('rollOff4','1.3.6.1.4.1.27928.101.1.2.2.2.5.0','i'),
	('rollOffStatus1','1.3.6.1.4.1.27928.101.1.1.4.8.0','i'),
	('rollOffStatus2','1.3.6.1.4.1.27928.101.1.2.4.8.0','i'),
	('routerArpMode','1.3.6.1.4.1.27928.101.2.9.0','i'),
	('routerArpPeriod','1.3.6.1.4.1.27928.101.2.18.0','u'),
	('routerArpTimeout','1.3.6.1.4.1.27928.101.2.19.0','u'),
	('routerIpAddress','1.3.6.1.4.1.27928.101.2.16.0','a'),
	('routerMacAddress','1.3.6.1.4.1.27928.101.2.17.0','macAddress'),
	('rx1CfgMode','1.3.6.1.4.1.27928.101.1.1.3.3.0','i'),
	('rx1CfgSet1Status','1.3.6.1.4.1.27928.101.1.1.3.1.0','i'),
	('rx1CfgSet2Status','1.3.6.1.4.1.27928.101.1.1.3.2.0','i'),
	('rx1CfgSwitchPeriod','1.3.6.1.4.1.27928.101.1.1.3.4.0','i'),
	('rx1NumFilters','1.3.6.1.4.1.27928.101.1.1.5.0','u'),
	('rx2CfgMode','1.3.6.1.4.1.27928.101.1.2.3.3.0','i'),
	('rx2CfgSet1Status','1.3.6.1.4.1.27928.101.1.2.3.1.0','i'),
	('rx2CfgSet2Status','1.3.6.1.4.1.27928.101.1.2.3.2.0','i'),
	('rx2CfgSwitchPeriod','1.3.6.1.4.1.27928.101.1.2.3.4.0','i'),
	('rx2NumFilters','1.3.6.1.4.1.27928.101.1.2.5.0','u'),
	('rxActive','1.3.6.1.4.1.27928.101.1.3.1.0','i'),
	('rxChannelOpMode','1.3.6.1.4.1.27928.101.1.3.4.0','i'),
	('rxChipsetModel','1.3.6.1.4.1.27928.101.3.22.0','s'),
	('rxSwitchMode','1.3.6.1.4.1.27928.101.1.3.2.0','i'),
	('rxSwitchPeriod','1.3.6.1.4.1.27928.101.1.3.3.0','i'),
	('serialNumber','1.3.6.1.4.1.27928.101.3.3.0','u'),
	('signal22KHz1','1.3.6.1.4.1.27928.101.1.1.1.3.3.0','i'),
	('signal22KHz2','1.3.6.1.4.1.27928.101.1.1.2.3.3.0','i'),
	('signal22KHz3','1.3.6.1.4.1.27928.101.1.2.1.3.3.0','i'),
	('signal22KHz4','1.3.6.1.4.1.27928.101.1.2.2.3.3.0','i'),
	('snmpReadCommunity','1.3.6.1.4.1.27928.101.3.13.0','s'),
	('snmpTrapServerIpAddress','1.3.6.1.4.1.27928.101.3.11.0','a'),
	('snmpWriteCommunity','1.3.6.1.4.1.27928.101.3.12.0','s'),
	('softwareImageFilename','1.3.6.1.4.1.27928.101.3.18.0','s'),
	('softwareVersion','1.3.6.1.4.1.27928.101.3.5.0','s'),
	('softwareVersionActive','1.3.6.1.4.1.27928.101.3.20.1.5','i'),
	('softwareVersionIndex','1.3.6.1.4.1.27928.101.3.20.1.1','i'),
	('softwareVersionSize','1.3.6.1.4.1.27928.101.3.20.1.3','u'),
	('softwareVersionValid','1.3.6.1.4.1.27928.101.3.20.1.4','i'),
	('softwareVersionValue','1.3.6.1.4.1.27928.101.3.20.1.2','s'),
	('spectralInversion1','1.3.6.1.4.1.27928.101.1.1.1.2.7.0','i'),
	('spectralInversion2','1.3.6.1.4.1.27928.101.1.1.2.2.7.0','i'),
	('spectralInversion3','1.3.6.1.4.1.27928.101.1.2.1.2.7.0','i'),
	('spectralInversion4','1.3.6.1.4.1.27928.101.1.2.2.2.7.0','i'),
	('standard1','1.3.6.1.4.1.27928.101.1.1.1.2.1.0','i'),
	('standard2','1.3.6.1.4.1.27928.101.1.1.2.2.1.0','i'),
	('standard3','1.3.6.1.4.1.27928.101.1.2.1.2.1.0','i'),
	('standard4','1.3.6.1.4.1.27928.101.1.2.2.2.1.0','i'),
	('startBootloaderDownload','1.3.6.1.4.1.27928.101.3.27.0','i'),
	('startBootloaderUpgrade','1.3.6.1.4.1.27928.101.3.26.0','i'),
	('startFpgaUpgrade','1.3.6.1.4.1.27928.101.3.16.0','i'),
	('startSoftwareUpgrade','1.3.6.1.4.1.27928.101.3.19.0','i'),
	('symbolRate1','1.3.6.1.4.1.27928.101.1.1.1.2.2.0','u'),
	('symbolRate2','1.3.6.1.4.1.27928.101.1.1.2.2.2.0','u'),
	('symbolRate3','1.3.6.1.4.1.27928.101.1.2.1.2.2.0','u'),
	('symbolRate4','1.3.6.1.4.1.27928.101.1.2.2.2.2.0','u'),
	('telnetTimeout','1.3.6.1.4.1.27928.101.3.24.0','u'),
	('tftpServerIp','1.3.6.1.4.1.27928.101.3.14.0','a'),
	('transportStatus1','1.3.6.1.4.1.27928.101.1.1.4.13.0','i'),
	('transportStatus2','1.3.6.1.4.1.27928.101.1.2.4.13.0','i'),
	('tunerStatus1','1.3.6.1.4.1.27928.101.1.1.4.1.0','i'),
	('tunerStatus2','1.3.6.1.4.1.27928.101.1.2.4.1.0','i'),
	('username','1.3.6.1.4.1.27928.101.3.8.0','s'),
	('warmReset','1.3.6.1.4.1.27928.101.3.1.0','i');

/*!40000 ALTER TABLE `sr1mib` ENABLE KEYS */;
UNLOCK TABLES;


# Dump of table sr1tables
# ------------------------------------------------------------

DROP TABLE IF EXISTS `sr1tables`;

CREATE TABLE `sr1tables` (
  `id` int(100) NOT NULL AUTO_INCREMENT,
  `name` varchar(100) NOT NULL,
  `oid` text,
  `type` text,
  `forTable` text NOT NULL,
  `row` int(11) DEFAULT NULL,
  PRIMARY KEY (`id`)
) ENGINE=InnoDB DEFAULT CHARSET=latin1;

LOCK TABLES `sr1tables` WRITE;
/*!40000 ALTER TABLE `sr1tables` DISABLE KEYS */;

INSERT INTO `sr1tables` (`id`, `name`, `oid`, `type`, `forTable`, `row`)
VALUES
	(1,'softwareVersionValue','1.3.6.1.4.1.27928.101.3.20.1.2.1','s','software',1),
	(2,'softwareVersionValue','1.3.6.1.4.1.27928.101.3.20.1.2.2','s','software',2),
	(3,'softwareVersionSize','1.3.6.1.4.1.27928.101.3.20.1.3.1','','software',1),
	(4,'softwareVersionSize','1.3.6.1.4.1.27928.101.3.20.1.3.2','','software',2),
	(5,'softwareVersionValid','1.3.6.1.4.1.27928.101.3.20.1.4.1','i','software',1),
	(6,'softwareVersionValid','1.3.6.1.4.1.27928.101.3.20.1.4.2','i','software',2),
	(7,'softwareVersionActive','1.3.6.1.4.1.27928.101.3.20.1.5.1','i','software',1),
	(8,'softwareVersionActive','1.3.6.1.4.1.27928.101.3.20.1.5.2','i','software',2),
	(9,'fpgaVersionValue','1.3.6.1.4.1.27928.101.3.17.1.2.1','s','fpga',1),
	(10,'fpgaVersionSize','1.3.6.1.4.1.27928.101.3.17.1.3.1','','fpga',1),
	(11,'fpgaVersionValid','1.3.6.1.4.1.27928.101.3.17.1.4.1','i','fpga',1),
	(12,'fpgaVersionActive','1.3.6.1.4.1.27928.101.3.17.1.5.1','i','fpga',1),
	(13,'fpgaVersionValue','1.3.6.1.4.1.27928.101.3.17.1.2.2','s','fpga',2),
	(14,'fpgaVersionSize','1.3.6.1.4.1.27928.101.3.17.1.3.2','','fpga',2),
	(15,'fpgaVersionValid','1.3.6.1.4.1.27928.101.3.17.1.4.2','i','fpga',2),
	(16,'fpgaVersionActive','1.3.6.1.4.1.27928.101.3.17.1.5.2','i','fpga',2),
	(21,'blVersionValue','1.3.6.1.4.1.27928.101.3.28.1.2.1','s','bl',1),
	(22,'blVersionSize','1.3.6.1.4.1.27928.101.3.28.1.3.1','','bl',1),
	(23,'blVersionValid','1.3.6.1.4.1.27928.101.3.28.1.4.1','i','bl',1),
	(24,'blVersionActive','1.3.6.1.4.1.27928.101.3.28.1.5.1','i','bl',1);

/*!40000 ALTER TABLE `sr1tables` ENABLE KEYS */;
UNLOCK TABLES;


# Dump of table st_ipFwdTable
# ------------------------------------------------------------

DROP TABLE IF EXISTS `st_ipFwdTable`;

CREATE TABLE `st_ipFwdTable` (
  `Instance` int(11) unsigned NOT NULL AUTO_INCREMENT,
  `ipfwdEntryIndex` int(11) DEFAULT NULL,
  `ipfwdIpAddress` text,
  `ipfwdIpNetmask` text,
  `ipfwdMacAddress` text,
  `ipfwdPid` int(11) DEFAULT NULL,
  `ipfwdEnabled` int(11) DEFAULT NULL,
  `time` timestamp NOT NULL DEFAULT '0000-00-00 00:00:00' ON UPDATE CURRENT_TIMESTAMP,
  PRIMARY KEY (`Instance`)
) ENGINE=InnoDB DEFAULT CHARSET=latin1;

LOCK TABLES `st_ipFwdTable` WRITE;
/*!40000 ALTER TABLE `st_ipFwdTable` DISABLE KEYS */;

INSERT INTO `st_ipFwdTable` (`Instance`, `ipfwdEntryIndex`, `ipfwdIpAddress`, `ipfwdIpNetmask`, `ipfwdMacAddress`, `ipfwdPid`, `ipfwdEnabled`, `time`)
VALUES
	(1,1,'225.10.10.10','255.255.255.255',' 01 00 5E 0A 0A 0A ',123,1,'2013-11-11 19:54:53'),
	(2,2,'225.9.9.9','255.255.255.255',' 01 00 5E 09 09 09 ',167,1,'2013-11-11 19:54:53'),
	(3,3,'225.8.8.8','255.255.255.255',' 01 00 5E 08 08 08 ',346,1,'2013-11-11 19:54:53'),
	(4,4,'192.168.10.0','255.255.255.0',' CC F6 7A 04 CA 61 ',646,1,'2013-11-11 19:54:53'),
	(5,5,'225.1.1.1','255.255.255.0',' 01 00 5E 01 01 01 ',1,0,'2013-11-11 19:54:53'),
	(6,6,'225.2.2.2','255.255.255.255',' 01 00 5E 02 02 02 ',646,1,'2013-11-11 19:54:53'),
	(7,7,'0.0.0.0','0.0.0.0',' 00 00 00 00 00 00 ',0,0,'2013-11-11 19:54:53'),
	(8,8,'0.0.0.0','0.0.0.0',' 00 00 00 00 00 00 ',0,0,'2013-11-11 19:54:54'),
	(9,9,'0.0.0.0','0.0.0.0',' 00 00 00 00 00 00 ',0,0,'2013-11-11 19:54:54'),
	(10,10,'0.0.0.0','0.0.0.0',' 00 00 00 00 00 00 ',0,0,'2013-11-11 19:54:54'),
	(11,11,'0.0.0.0','0.0.0.0',' 00 00 00 00 00 00 ',0,0,'2013-11-11 19:54:54'),
	(12,12,'0.0.0.0','0.0.0.0',' 00 00 00 00 00 00 ',0,0,'2013-11-11 19:54:54'),
	(13,13,'0.0.0.0','0.0.0.0',' 00 00 00 00 00 00 ',0,0,'2013-11-11 19:54:54'),
	(14,14,'0.0.0.0','0.0.0.0',' 00 00 00 00 00 00 ',0,0,'2013-11-11 19:54:54'),
	(15,15,'0.0.0.0','0.0.0.0',' 00 00 00 00 00 00 ',0,0,'2013-11-11 19:54:54'),
	(16,16,'0.0.0.0','0.0.0.0',' 00 00 00 00 00 00 ',0,0,'2013-11-11 19:54:54'),
	(17,17,'0.0.0.0','0.0.0.0',' 00 00 00 00 00 00 ',0,0,'2013-11-11 19:54:54'),
	(18,18,'0.0.0.0','0.0.0.0',' 00 00 00 00 00 00 ',0,0,'2013-11-11 19:54:54'),
	(19,19,'0.0.0.0','0.0.0.0',' 00 00 00 00 00 00 ',0,0,'2013-11-11 19:54:54'),
	(20,20,'0.0.0.0','0.0.0.0',' 00 00 00 00 00 00 ',0,0,'2013-11-11 19:54:54'),
	(21,21,'0.0.0.0','0.0.0.0',' 00 00 00 00 00 00 ',0,0,'2013-11-11 19:54:54'),
	(22,22,'0.0.0.0','0.0.0.0',' 00 00 00 00 00 00 ',0,0,'2013-11-11 19:54:54'),
	(23,23,'0.0.0.0','0.0.0.0',' 00 00 00 00 00 00 ',0,0,'2013-11-11 19:54:54'),
	(24,24,'0.0.0.0','0.0.0.0',' 00 00 00 00 00 00 ',0,0,'2013-11-11 19:54:54'),
	(25,25,'0.0.0.0','0.0.0.0',' 00 00 00 00 00 00 ',0,0,'2013-11-11 19:54:54'),
	(26,26,'0.0.0.0','0.0.0.0',' 00 00 00 00 00 00 ',0,0,'2013-11-11 19:54:54'),
	(27,27,'0.0.0.0','0.0.0.0',' 00 00 00 00 00 00 ',0,0,'2013-11-11 19:54:54'),
	(28,28,'0.0.0.0','0.0.0.0',' 00 00 00 00 00 00 ',0,0,'2013-11-11 19:54:55'),
	(29,29,'0.0.0.0','0.0.0.0',' 00 00 00 00 00 00 ',0,0,'2013-11-11 19:54:55'),
	(30,30,'0.0.0.0','0.0.0.0',' 00 00 00 00 00 00 ',0,0,'2013-11-11 19:54:55'),
	(31,31,'0.0.0.0','0.0.0.0',' 00 00 00 00 00 00 ',0,0,'2013-11-11 19:54:55'),
	(32,32,'0.0.0.0','0.0.0.0',' 00 00 00 00 00 00 ',0,0,'2013-11-11 19:54:55'),
	(33,33,'0.0.0.0','0.0.0.0',' 00 00 00 00 00 00 ',0,0,'2013-11-11 19:54:55'),
	(34,34,'0.0.0.0','0.0.0.0',' 00 00 00 00 00 00 ',0,0,'2013-11-11 19:54:55'),
	(35,35,'0.0.0.0','0.0.0.0',' 00 00 00 00 00 00 ',0,0,'2013-11-11 19:54:55'),
	(36,36,'0.0.0.0','0.0.0.0',' 00 00 00 00 00 00 ',0,0,'2013-11-11 19:54:55'),
	(37,37,'0.0.0.0','0.0.0.0',' 00 00 00 00 00 00 ',0,0,'2013-11-11 19:54:55'),
	(38,38,'0.0.0.0','0.0.0.0',' 00 00 00 00 00 00 ',0,0,'2013-11-11 19:54:55'),
	(39,39,'0.0.0.0','0.0.0.0',' 00 00 00 00 00 00 ',0,0,'2013-11-11 19:54:55'),
	(40,40,'0.0.0.0','0.0.0.0',' 00 00 00 00 00 00 ',0,0,'2013-11-11 19:54:55'),
	(41,41,'0.0.0.0','0.0.0.0',' 00 00 00 00 00 00 ',0,0,'2013-11-11 19:54:55'),
	(42,42,'0.0.0.0','0.0.0.0',' 00 00 00 00 00 00 ',0,0,'2013-11-11 19:54:55'),
	(43,43,'0.0.0.0','0.0.0.0',' 00 00 00 00 00 00 ',0,0,'2013-11-11 19:54:55'),
	(44,44,'0.0.0.0','0.0.0.0',' 00 00 00 00 00 00 ',0,0,'2013-11-11 19:54:55'),
	(45,45,'0.0.0.0','0.0.0.0',' 00 00 00 00 00 00 ',0,0,'2013-11-11 19:54:55'),
	(46,46,'0.0.0.0','0.0.0.0',' 00 00 00 00 00 00 ',0,0,'2013-11-11 19:54:55'),
	(47,47,'0.0.0.0','0.0.0.0',' 00 00 00 00 00 00 ',0,0,'2013-11-11 19:54:55'),
	(48,48,'0.0.0.0','0.0.0.0',' 00 00 00 00 00 00 ',0,0,'2013-11-11 19:54:55'),
	(49,49,'0.0.0.0','0.0.0.0',' 00 00 00 00 00 00 ',0,0,'2013-11-11 19:54:55'),
	(50,50,'0.0.0.0','0.0.0.0',' 00 00 00 00 00 00 ',0,0,'2013-11-11 19:54:55'),
	(51,51,'0.0.0.0','0.0.0.0',' 00 00 00 00 00 00 ',0,0,'2013-11-11 19:54:56'),
	(52,52,'0.0.0.0','0.0.0.0',' 00 00 00 00 00 00 ',0,0,'2013-11-11 19:54:56'),
	(53,53,'0.0.0.0','0.0.0.0',' 00 00 00 00 00 00 ',0,0,'2013-11-11 19:54:56'),
	(54,54,'0.0.0.0','0.0.0.0',' 00 00 00 00 00 00 ',0,0,'2013-11-11 19:54:56'),
	(55,55,'0.0.0.0','0.0.0.0',' 00 00 00 00 00 00 ',0,0,'2013-11-11 19:54:56'),
	(56,56,'0.0.0.0','0.0.0.0',' 00 00 00 00 00 00 ',0,0,'2013-11-11 19:54:56'),
	(57,57,'0.0.0.0','0.0.0.0',' 00 00 00 00 00 00 ',0,0,'2013-11-11 19:54:56'),
	(58,58,'0.0.0.0','0.0.0.0',' 00 00 00 00 00 00 ',0,0,'2013-11-11 19:54:56'),
	(59,59,'0.0.0.0','0.0.0.0',' 00 00 00 00 00 00 ',0,0,'2013-11-11 19:54:56'),
	(60,60,'0.0.0.0','0.0.0.0',' 00 00 00 00 00 00 ',0,0,'2013-11-11 19:54:56'),
	(61,61,'0.0.0.0','0.0.0.0',' 00 00 00 00 00 00 ',0,0,'2013-11-11 19:54:56'),
	(62,62,'0.0.0.0','0.0.0.0',' 00 00 00 00 00 00 ',0,0,'2013-11-11 19:54:56'),
	(63,63,'0.0.0.0','0.0.0.0',' 00 00 00 00 00 00 ',0,0,'2013-11-11 19:54:56'),
	(64,64,'0.0.0.0','0.0.0.0',' 00 00 00 00 00 00 ',0,0,'2013-11-11 19:54:56'),
	(65,65,'0.0.0.0','0.0.0.0',' 00 00 00 00 00 00 ',0,0,'2013-11-11 19:54:56'),
	(66,66,'0.0.0.0','0.0.0.0',' 00 00 00 00 00 00 ',0,0,'2013-11-11 19:54:56'),
	(67,67,'0.0.0.0','0.0.0.0',' 00 00 00 00 00 00 ',0,0,'2013-11-11 19:54:56'),
	(68,68,'0.0.0.0','0.0.0.0',' 00 00 00 00 00 00 ',0,0,'2013-11-11 19:54:56'),
	(69,69,'0.0.0.0','0.0.0.0',' 00 00 00 00 00 00 ',0,0,'2013-11-11 19:54:56'),
	(70,70,'0.0.0.0','0.0.0.0',' 00 00 00 00 00 00 ',0,0,'2013-11-11 19:54:56'),
	(71,71,'0.0.0.0','0.0.0.0',' 00 00 00 00 00 00 ',0,0,'2013-11-11 19:54:56'),
	(72,72,'0.0.0.0','0.0.0.0',' 00 00 00 00 00 00 ',0,0,'2013-11-11 19:54:56'),
	(73,73,'0.0.0.0','0.0.0.0',' 00 00 00 00 00 00 ',0,0,'2013-11-11 19:54:57'),
	(74,74,'0.0.0.0','0.0.0.0',' 00 00 00 00 00 00 ',0,0,'2013-11-11 19:54:57'),
	(75,75,'0.0.0.0','0.0.0.0',' 00 00 00 00 00 00 ',0,0,'2013-11-11 19:54:57'),
	(76,76,'0.0.0.0','0.0.0.0',' 00 00 00 00 00 00 ',0,0,'2013-11-11 19:54:57'),
	(77,77,'0.0.0.0','0.0.0.0',' 00 00 00 00 00 00 ',0,0,'2013-11-11 19:54:57'),
	(78,78,'0.0.0.0','0.0.0.0',' 00 00 00 00 00 00 ',0,0,'2013-11-11 19:54:57'),
	(79,79,'0.0.0.0','0.0.0.0',' 00 00 00 00 00 00 ',0,0,'2013-11-11 19:54:57'),
	(80,80,'0.0.0.0','0.0.0.0',' 00 00 00 00 00 00 ',0,0,'2013-11-11 19:54:57'),
	(81,81,'0.0.0.0','0.0.0.0',' 00 00 00 00 00 00 ',0,0,'2013-11-11 19:54:57'),
	(82,82,'0.0.0.0','0.0.0.0',' 00 00 00 00 00 00 ',0,0,'2013-11-11 19:54:57'),
	(83,83,'0.0.0.0','0.0.0.0',' 00 00 00 00 00 00 ',0,0,'2013-11-11 19:54:57'),
	(84,84,'0.0.0.0','0.0.0.0',' 00 00 00 00 00 00 ',0,0,'2013-11-11 19:54:57'),
	(85,85,'0.0.0.0','0.0.0.0',' 00 00 00 00 00 00 ',0,0,'2013-11-11 19:54:57'),
	(86,86,'0.0.0.0','0.0.0.0',' 00 00 00 00 00 00 ',0,0,'2013-11-11 19:54:57'),
	(87,87,'0.0.0.0','0.0.0.0',' 00 00 00 00 00 00 ',0,0,'2013-11-11 19:54:57'),
	(88,88,'0.0.0.0','0.0.0.0',' 00 00 00 00 00 00 ',0,0,'2013-11-11 19:54:57'),
	(89,89,'0.0.0.0','0.0.0.0',' 00 00 00 00 00 00 ',0,0,'2013-11-11 19:54:57'),
	(90,90,'0.0.0.0','0.0.0.0',' 00 00 00 00 00 00 ',0,0,'2013-11-11 19:54:57'),
	(91,91,'0.0.0.0','0.0.0.0',' 00 00 00 00 00 00 ',0,0,'2013-11-11 19:54:57'),
	(92,92,'0.0.0.0','0.0.0.0',' 00 00 00 00 00 00 ',0,0,'2013-11-11 19:54:58'),
	(93,93,'0.0.0.0','0.0.0.0',' 00 00 00 00 00 00 ',0,0,'2013-11-11 19:54:58'),
	(94,94,'0.0.0.0','0.0.0.0',' 00 00 00 00 00 00 ',0,0,'2013-11-11 19:54:58'),
	(95,95,'0.0.0.0','0.0.0.0',' 00 00 00 00 00 00 ',0,0,'2013-11-11 19:54:58'),
	(96,96,'0.0.0.0','0.0.0.0',' 00 00 00 00 00 00 ',0,0,'2013-11-11 19:54:58'),
	(97,97,'0.0.0.0','0.0.0.0',' 00 00 00 00 00 00 ',0,0,'2013-11-11 19:54:58'),
	(98,98,'0.0.0.0','0.0.0.0',' 00 00 00 00 00 00 ',0,0,'2013-11-11 19:54:58'),
	(99,99,'0.0.0.0','0.0.0.0',' 00 00 00 00 00 00 ',0,0,'2013-11-11 19:54:58'),
	(100,100,'0.0.0.0','0.0.0.0',' 00 00 00 00 00 00 ',0,0,'2013-11-11 19:54:58'),
	(101,101,'0.0.0.0','0.0.0.0',' 00 00 00 00 00 00 ',0,0,'2013-11-11 19:54:58'),
	(102,102,'0.0.0.0','0.0.0.0',' 00 00 00 00 00 00 ',0,0,'2013-11-11 19:54:58'),
	(103,103,'0.0.0.0','0.0.0.0',' 00 00 00 00 00 00 ',0,0,'2013-11-11 19:54:58'),
	(104,104,'0.0.0.0','0.0.0.0',' 00 00 00 00 00 00 ',0,0,'2013-11-11 19:54:58'),
	(105,105,'0.0.0.0','0.0.0.0',' 00 00 00 00 00 00 ',0,0,'2013-11-11 19:54:58'),
	(106,106,'0.0.0.0','0.0.0.0',' 00 00 00 00 00 00 ',0,0,'2013-11-11 19:54:58'),
	(107,107,'0.0.0.0','0.0.0.0',' 00 00 00 00 00 00 ',0,0,'2013-11-11 19:54:58'),
	(108,108,'0.0.0.0','0.0.0.0',' 00 00 00 00 00 00 ',0,0,'2013-11-11 19:54:58'),
	(109,109,'0.0.0.0','0.0.0.0',' 00 00 00 00 00 00 ',0,0,'2013-11-11 19:54:58'),
	(110,110,'0.0.0.0','0.0.0.0',' 00 00 00 00 00 00 ',0,0,'2013-11-11 19:54:58'),
	(111,111,'0.0.0.0','0.0.0.0',' 00 00 00 00 00 00 ',0,0,'2013-11-11 19:54:59'),
	(112,112,'0.0.0.0','0.0.0.0',' 00 00 00 00 00 00 ',0,0,'2013-11-11 19:54:59'),
	(113,113,'0.0.0.0','0.0.0.0',' 00 00 00 00 00 00 ',0,0,'2013-11-11 19:54:59'),
	(114,114,'0.0.0.0','0.0.0.0',' 00 00 00 00 00 00 ',0,0,'2013-11-11 19:54:59'),
	(115,115,'0.0.0.0','0.0.0.0',' 00 00 00 00 00 00 ',0,0,'2013-11-11 19:54:59'),
	(116,116,'0.0.0.0','0.0.0.0',' 00 00 00 00 00 00 ',0,0,'2013-11-11 19:54:59'),
	(117,117,'0.0.0.0','0.0.0.0',' 00 00 00 00 00 00 ',0,0,'2013-11-11 19:54:59'),
	(118,118,'0.0.0.0','0.0.0.0',' 00 00 00 00 00 00 ',0,0,'2013-11-11 19:54:59'),
	(119,119,'0.0.0.0','0.0.0.0',' 00 00 00 00 00 00 ',0,0,'2013-11-11 19:54:59'),
	(120,120,'0.0.0.0','0.0.0.0',' 00 00 00 00 00 00 ',0,0,'2013-11-11 19:54:59'),
	(121,121,'0.0.0.0','0.0.0.0',' 00 00 00 00 00 00 ',0,0,'2013-11-11 19:54:59'),
	(122,122,'0.0.0.0','0.0.0.0',' 00 00 00 00 00 00 ',0,0,'2013-11-11 19:54:59'),
	(123,123,'0.0.0.0','0.0.0.0',' 00 00 00 00 00 00 ',0,0,'2013-11-11 19:54:59'),
	(124,124,'0.0.0.0','0.0.0.0',' 00 00 00 00 00 00 ',0,0,'2013-11-11 19:54:59'),
	(125,125,'0.0.0.0','0.0.0.0',' 00 00 00 00 00 00 ',0,0,'2013-11-11 19:54:59'),
	(126,126,'0.0.0.0','0.0.0.0',' 00 00 00 00 00 00 ',0,0,'2013-11-11 19:54:59'),
	(127,127,'0.0.0.0','0.0.0.0',' 00 00 00 00 00 00 ',0,0,'2013-11-11 19:54:59'),
	(128,128,'0.0.0.0','0.0.0.0',' 00 00 00 00 00 00 ',0,0,'2013-11-11 19:54:59'),
	(129,129,'0.0.0.0','0.0.0.0',' 00 00 00 00 00 00 ',0,0,'2013-11-11 19:55:00'),
	(130,130,'0.0.0.0','0.0.0.0',' 00 00 00 00 00 00 ',0,0,'2013-11-11 19:55:00'),
	(131,131,'0.0.0.0','0.0.0.0',' 00 00 00 00 00 00 ',0,0,'2013-11-11 19:55:00'),
	(132,132,'0.0.0.0','0.0.0.0',' 00 00 00 00 00 00 ',0,0,'2013-11-11 19:55:00'),
	(133,133,'0.0.0.0','0.0.0.0',' 00 00 00 00 00 00 ',0,0,'2013-11-11 19:55:00'),
	(134,134,'0.0.0.0','0.0.0.0',' 00 00 00 00 00 00 ',0,0,'2013-11-11 19:55:00'),
	(135,135,'0.0.0.0','0.0.0.0',' 00 00 00 00 00 00 ',0,0,'2013-11-11 19:55:00'),
	(136,136,'0.0.0.0','0.0.0.0',' 00 00 00 00 00 00 ',0,0,'2013-11-11 19:55:00'),
	(137,137,'0.0.0.0','0.0.0.0',' 00 00 00 00 00 00 ',0,0,'2013-11-11 19:55:00'),
	(138,138,'0.0.0.0','0.0.0.0',' 00 00 00 00 00 00 ',0,0,'2013-11-11 19:55:00'),
	(139,139,'0.0.0.0','0.0.0.0',' 00 00 00 00 00 00 ',0,0,'2013-11-11 19:55:00'),
	(140,140,'0.0.0.0','0.0.0.0',' 00 00 00 00 00 00 ',0,0,'2013-11-11 19:55:00'),
	(141,141,'0.0.0.0','0.0.0.0',' 00 00 00 00 00 00 ',0,0,'2013-11-11 19:55:00'),
	(142,142,'0.0.0.0','0.0.0.0',' 00 00 00 00 00 00 ',0,0,'2013-11-11 19:55:00'),
	(143,143,'0.0.0.0','0.0.0.0',' 00 00 00 00 00 00 ',0,0,'2013-11-11 19:55:00'),
	(144,144,'0.0.0.0','0.0.0.0',' 00 00 00 00 00 00 ',0,0,'2013-11-11 19:55:00'),
	(145,145,'0.0.0.0','0.0.0.0',' 00 00 00 00 00 00 ',0,0,'2013-11-11 19:55:00'),
	(146,146,'0.0.0.0','0.0.0.0',' 00 00 00 00 00 00 ',0,0,'2013-11-11 19:55:00'),
	(147,147,'0.0.0.0','0.0.0.0',' 00 00 00 00 00 00 ',0,0,'2013-11-11 19:55:00'),
	(148,148,'0.0.0.0','0.0.0.0',' 00 00 00 00 00 00 ',0,0,'2013-11-11 19:55:01'),
	(149,149,'0.0.0.0','0.0.0.0',' 00 00 00 00 00 00 ',0,0,'2013-11-11 19:55:01'),
	(150,150,'0.0.0.0','0.0.0.0',' 00 00 00 00 00 00 ',0,0,'2013-11-11 19:55:01'),
	(151,151,'0.0.0.0','0.0.0.0',' 00 00 00 00 00 00 ',0,0,'2013-11-11 19:55:01'),
	(152,152,'0.0.0.0','0.0.0.0',' 00 00 00 00 00 00 ',0,0,'2013-11-11 19:55:01'),
	(153,153,'0.0.0.0','0.0.0.0',' 00 00 00 00 00 00 ',0,0,'2013-11-11 19:55:01'),
	(154,154,'0.0.0.0','0.0.0.0',' 00 00 00 00 00 00 ',0,0,'2013-11-11 19:55:01'),
	(155,155,'0.0.0.0','0.0.0.0',' 00 00 00 00 00 00 ',0,0,'2013-11-11 19:55:01'),
	(156,156,'0.0.0.0','0.0.0.0',' 00 00 00 00 00 00 ',0,0,'2013-11-11 19:55:01'),
	(157,157,'0.0.0.0','0.0.0.0',' 00 00 00 00 00 00 ',0,0,'2013-11-11 19:55:01'),
	(158,158,'0.0.0.0','0.0.0.0',' 00 00 00 00 00 00 ',0,0,'2013-11-11 19:55:01'),
	(159,159,'0.0.0.0','0.0.0.0',' 00 00 00 00 00 00 ',0,0,'2013-11-11 19:55:01'),
	(160,160,'0.0.0.0','0.0.0.0',' 00 00 00 00 00 00 ',0,0,'2013-11-11 19:55:02'),
	(161,161,'0.0.0.0','0.0.0.0',' 00 00 00 00 00 00 ',0,0,'2013-11-11 19:55:02'),
	(162,162,'0.0.0.0','0.0.0.0',' 00 00 00 00 00 00 ',0,0,'2013-11-11 19:55:02'),
	(163,163,'0.0.0.0','0.0.0.0',' 00 00 00 00 00 00 ',0,0,'2013-11-11 19:55:02'),
	(164,164,'0.0.0.0','0.0.0.0',' 00 00 00 00 00 00 ',0,0,'2013-11-11 19:55:02'),
	(165,165,'0.0.0.0','0.0.0.0',' 00 00 00 00 00 00 ',0,0,'2013-11-11 19:55:02'),
	(166,166,'0.0.0.0','0.0.0.0',' 00 00 00 00 00 00 ',0,0,'2013-11-11 19:55:02'),
	(167,167,'0.0.0.0','0.0.0.0',' 00 00 00 00 00 00 ',0,0,'2013-11-11 19:55:02'),
	(168,168,'0.0.0.0','0.0.0.0',' 00 00 00 00 00 00 ',0,0,'2013-11-11 19:55:02'),
	(169,169,'0.0.0.0','0.0.0.0',' 00 00 00 00 00 00 ',0,0,'2013-11-11 19:55:02'),
	(170,170,'0.0.0.0','0.0.0.0',' 00 00 00 00 00 00 ',0,0,'2013-11-11 19:55:02'),
	(171,171,'0.0.0.0','0.0.0.0',' 00 00 00 00 00 00 ',0,0,'2013-11-11 19:55:02'),
	(172,172,'0.0.0.0','0.0.0.0',' 00 00 00 00 00 00 ',0,0,'2013-11-11 19:55:02'),
	(173,173,'0.0.0.0','0.0.0.0',' 00 00 00 00 00 00 ',0,0,'2013-11-11 19:55:02'),
	(174,174,'0.0.0.0','0.0.0.0',' 00 00 00 00 00 00 ',0,0,'2013-11-11 19:55:03'),
	(175,175,'0.0.0.0','0.0.0.0',' 00 00 00 00 00 00 ',0,0,'2013-11-11 19:55:03'),
	(176,176,'0.0.0.0','0.0.0.0',' 00 00 00 00 00 00 ',0,0,'2013-11-11 19:55:03'),
	(177,177,'0.0.0.0','0.0.0.0',' 00 00 00 00 00 00 ',0,0,'2013-11-11 19:55:03'),
	(178,178,'0.0.0.0','0.0.0.0',' 00 00 00 00 00 00 ',0,0,'2013-11-11 19:55:03'),
	(179,179,'0.0.0.0','0.0.0.0',' 00 00 00 00 00 00 ',0,0,'2013-11-11 19:55:03'),
	(180,180,'0.0.0.0','0.0.0.0',' 00 00 00 00 00 00 ',0,0,'2013-11-11 19:55:03'),
	(181,181,'0.0.0.0','0.0.0.0',' 00 00 00 00 00 00 ',0,0,'2013-11-11 19:55:03'),
	(182,182,'0.0.0.0','0.0.0.0',' 00 00 00 00 00 00 ',0,0,'2013-11-11 19:55:03'),
	(183,183,'0.0.0.0','0.0.0.0',' 00 00 00 00 00 00 ',0,0,'2013-11-11 19:55:03'),
	(184,184,'0.0.0.0','0.0.0.0',' 00 00 00 00 00 00 ',0,0,'2013-11-11 19:55:03'),
	(185,185,'0.0.0.0','0.0.0.0',' 00 00 00 00 00 00 ',0,0,'2013-11-11 19:55:03'),
	(186,186,'0.0.0.0','0.0.0.0',' 00 00 00 00 00 00 ',0,0,'2013-11-11 19:55:03'),
	(187,187,'0.0.0.0','0.0.0.0',' 00 00 00 00 00 00 ',0,0,'2013-11-11 19:55:03'),
	(188,188,'0.0.0.0','0.0.0.0',' 00 00 00 00 00 00 ',0,0,'2013-11-11 19:55:03'),
	(189,189,'0.0.0.0','0.0.0.0',' 00 00 00 00 00 00 ',0,0,'2013-11-11 19:55:03'),
	(190,190,'0.0.0.0','0.0.0.0',' 00 00 00 00 00 00 ',0,0,'2013-11-11 19:55:03'),
	(191,191,'0.0.0.0','0.0.0.0',' 00 00 00 00 00 00 ',0,0,'2013-11-11 19:55:03'),
	(192,192,'0.0.0.0','0.0.0.0',' 00 00 00 00 00 00 ',0,0,'2013-11-11 19:55:04'),
	(193,193,'0.0.0.0','0.0.0.0',' 00 00 00 00 00 00 ',0,0,'2013-11-11 19:55:04'),
	(194,194,'0.0.0.0','0.0.0.0',' 00 00 00 00 00 00 ',0,0,'2013-11-11 19:55:04'),
	(195,195,'0.0.0.0','0.0.0.0',' 00 00 00 00 00 00 ',0,0,'2013-11-11 19:55:04'),
	(196,196,'0.0.0.0','0.0.0.0',' 00 00 00 00 00 00 ',0,0,'2013-11-11 19:55:04'),
	(197,197,'0.0.0.0','0.0.0.0',' 00 00 00 00 00 00 ',0,0,'2013-11-11 19:55:04'),
	(198,198,'0.0.0.0','0.0.0.0',' 00 00 00 00 00 00 ',0,0,'2013-11-11 19:55:04'),
	(199,199,'0.0.0.0','0.0.0.0',' 00 00 00 00 00 00 ',0,0,'2013-11-11 19:55:04'),
	(200,200,'0.0.0.0','0.0.0.0',' 00 00 00 00 00 00 ',0,0,'2013-11-11 19:55:04'),
	(201,201,'0.0.0.0','0.0.0.0',' 00 00 00 00 00 00 ',0,0,'2013-11-11 19:55:04'),
	(202,202,'0.0.0.0','0.0.0.0',' 00 00 00 00 00 00 ',0,0,'2013-11-11 19:55:04'),
	(203,203,'0.0.0.0','0.0.0.0',' 00 00 00 00 00 00 ',0,0,'2013-11-11 19:55:04'),
	(204,204,'0.0.0.0','0.0.0.0',' 00 00 00 00 00 00 ',0,0,'2013-11-11 19:55:04'),
	(205,205,'0.0.0.0','0.0.0.0',' 00 00 00 00 00 00 ',0,0,'2013-11-11 19:55:04'),
	(206,206,'0.0.0.0','0.0.0.0',' 00 00 00 00 00 00 ',0,0,'2013-11-11 19:55:04'),
	(207,207,'0.0.0.0','0.0.0.0',' 00 00 00 00 00 00 ',0,0,'2013-11-11 19:55:04'),
	(208,208,'0.0.0.0','0.0.0.0',' 00 00 00 00 00 00 ',0,0,'2013-11-11 19:55:04'),
	(209,209,'0.0.0.0','0.0.0.0',' 00 00 00 00 00 00 ',0,0,'2013-11-11 19:55:04'),
	(210,210,'0.0.0.0','0.0.0.0',' 00 00 00 00 00 00 ',0,0,'2013-11-11 19:55:04'),
	(211,211,'0.0.0.0','0.0.0.0',' 00 00 00 00 00 00 ',0,0,'2013-11-11 19:55:04'),
	(212,212,'0.0.0.0','0.0.0.0',' 00 00 00 00 00 00 ',0,0,'2013-11-11 19:55:05'),
	(213,213,'0.0.0.0','0.0.0.0',' 00 00 00 00 00 00 ',0,0,'2013-11-11 19:55:05'),
	(214,214,'0.0.0.0','0.0.0.0',' 00 00 00 00 00 00 ',0,0,'2013-11-11 19:55:05'),
	(215,215,'0.0.0.0','0.0.0.0',' 00 00 00 00 00 00 ',0,0,'2013-11-11 19:55:05'),
	(216,216,'0.0.0.0','0.0.0.0',' 00 00 00 00 00 00 ',0,0,'2013-11-11 19:55:05'),
	(217,217,'0.0.0.0','0.0.0.0',' 00 00 00 00 00 00 ',0,0,'2013-11-11 19:55:05'),
	(218,218,'0.0.0.0','0.0.0.0',' 00 00 00 00 00 00 ',0,0,'2013-11-11 19:55:05'),
	(219,219,'0.0.0.0','0.0.0.0',' 00 00 00 00 00 00 ',0,0,'2013-11-11 19:55:05'),
	(220,220,'0.0.0.0','0.0.0.0',' 00 00 00 00 00 00 ',0,0,'2013-11-11 19:55:05'),
	(221,221,'0.0.0.0','0.0.0.0',' 00 00 00 00 00 00 ',0,0,'2013-11-11 19:55:05'),
	(222,222,'0.0.0.0','0.0.0.0',' 00 00 00 00 00 00 ',0,0,'2013-11-11 19:55:05'),
	(223,223,'0.0.0.0','0.0.0.0',' 00 00 00 00 00 00 ',0,0,'2013-11-11 19:55:05'),
	(224,224,'0.0.0.0','0.0.0.0',' 00 00 00 00 00 00 ',0,0,'2013-11-11 19:55:05'),
	(225,225,'0.0.0.0','0.0.0.0',' 00 00 00 00 00 00 ',0,0,'2013-11-11 19:55:05'),
	(226,226,'0.0.0.0','0.0.0.0',' 00 00 00 00 00 00 ',0,0,'2013-11-11 19:55:05'),
	(227,227,'0.0.0.0','0.0.0.0',' 00 00 00 00 00 00 ',0,0,'2013-11-11 19:55:05'),
	(228,228,'0.0.0.0','0.0.0.0',' 00 00 00 00 00 00 ',0,0,'2013-11-11 19:55:05'),
	(229,229,'0.0.0.0','0.0.0.0',' 00 00 00 00 00 00 ',0,0,'2013-11-11 19:55:05'),
	(230,230,'0.0.0.0','0.0.0.0',' 00 00 00 00 00 00 ',0,0,'2013-11-11 19:55:05'),
	(231,231,'0.0.0.0','0.0.0.0',' 00 00 00 00 00 00 ',0,0,'2013-11-11 19:55:05'),
	(232,232,'0.0.0.0','0.0.0.0',' 00 00 00 00 00 00 ',0,0,'2013-11-11 19:55:06'),
	(233,233,'0.0.0.0','0.0.0.0',' 00 00 00 00 00 00 ',0,0,'2013-11-11 19:55:06'),
	(234,234,'0.0.0.0','0.0.0.0',' 00 00 00 00 00 00 ',0,0,'2013-11-11 19:55:06'),
	(235,235,'0.0.0.0','0.0.0.0',' 00 00 00 00 00 00 ',0,0,'2013-11-11 19:55:06'),
	(236,236,'0.0.0.0','0.0.0.0',' 00 00 00 00 00 00 ',0,0,'2013-11-11 19:55:06'),
	(237,237,'0.0.0.0','0.0.0.0',' 00 00 00 00 00 00 ',0,0,'2013-11-11 19:55:06'),
	(238,238,'0.0.0.0','0.0.0.0',' 00 00 00 00 00 00 ',0,0,'2013-11-11 19:55:06'),
	(239,239,'0.0.0.0','0.0.0.0',' 00 00 00 00 00 00 ',0,0,'2013-11-11 19:55:06'),
	(240,240,'0.0.0.0','0.0.0.0',' 00 00 00 00 00 00 ',0,0,'2013-11-11 19:55:06'),
	(241,241,'0.0.0.0','0.0.0.0',' 00 00 00 00 00 00 ',0,0,'2013-11-11 19:55:06'),
	(242,242,'0.0.0.0','0.0.0.0',' 00 00 00 00 00 00 ',0,0,'2013-11-11 19:55:06'),
	(243,243,'0.0.0.0','0.0.0.0',' 00 00 00 00 00 00 ',0,0,'2013-11-11 19:55:06'),
	(244,244,'0.0.0.0','0.0.0.0',' 00 00 00 00 00 00 ',0,0,'2013-11-11 19:55:06'),
	(245,245,'0.0.0.0','0.0.0.0',' 00 00 00 00 00 00 ',0,0,'2013-11-11 19:55:06'),
	(246,246,'0.0.0.0','0.0.0.0',' 00 00 00 00 00 00 ',0,0,'2013-11-11 19:55:06'),
	(247,247,'0.0.0.0','0.0.0.0',' 00 00 00 00 00 00 ',0,0,'2013-11-11 19:55:06'),
	(248,248,'0.0.0.0','0.0.0.0',' 00 00 00 00 00 00 ',0,0,'2013-11-11 19:55:06'),
	(249,249,'0.0.0.0','0.0.0.0',' 00 00 00 00 00 00 ',0,0,'2013-11-11 19:55:06'),
	(250,250,'0.0.0.0','0.0.0.0',' 00 00 00 00 00 00 ',0,0,'2013-11-11 19:55:07'),
	(251,251,'0.0.0.0','0.0.0.0',' 00 00 00 00 00 00 ',0,0,'2013-11-11 19:55:07'),
	(252,252,'0.0.0.0','0.0.0.0',' 00 00 00 00 00 00 ',0,0,'2013-11-11 19:55:07'),
	(253,253,'0.0.0.0','0.0.0.0',' 00 00 00 00 00 00 ',0,0,'2013-11-11 19:55:07'),
	(254,254,'0.0.0.0','0.0.0.0',' 00 00 00 00 00 00 ',0,0,'2013-11-11 19:55:07'),
	(255,255,'0.0.0.0','0.0.0.0',' 00 00 00 00 00 00 ',0,0,'2013-11-11 19:55:07'),
	(256,256,'225.11.12.13','255.255.255.255',' 01 00 5E 0B 0C 0D ',1234,1,'2013-11-11 19:55:07');

/*!40000 ALTER TABLE `st_ipFwdTable` ENABLE KEYS */;
UNLOCK TABLES;


# Dump of table st1mib
# ------------------------------------------------------------

DROP TABLE IF EXISTS `st1mib`;

CREATE TABLE `st1mib` (
  `name` varchar(100) NOT NULL,
  `oid` text,
  `type` text,
  PRIMARY KEY (`name`)
) ENGINE=InnoDB DEFAULT CHARSET=latin1;

LOCK TABLES `st1mib` WRITE;
/*!40000 ALTER TABLE `st1mib` DISABLE KEYS */;

INSERT INTO `st1mib` (`name`, `oid`, `type`)
VALUES
	('bootloaderImageFilename','1.3.6.1.4.1.27928.102.4.23.0','s'),
	('bootloaderVersionActive','1.3.6.1.4.1.27928.102.4.26.1.5','i'),
	('bootloaderVersionIndex','1.3.6.1.4.1.27928.102.4.26.1.1','i'),
	('bootloaderVersionSize','1.3.6.1.4.1.27928.102.4.26.1.3','u'),
	('bootloaderVersionValid','1.3.6.1.4.1.27928.102.4.26.1.4','i'),
	('bootloaderVersionValue','1.3.6.1.4.1.27928.102.4.26.1.2','s'),
	('buc10MHzOutput','1.3.6.1.4.1.27928.102.1.4.2.0','i'),
	('bucPowerState','1.3.6.1.4.1.27928.102.1.4.1.0','i'),
	('coldReset','1.3.6.1.4.1.27928.102.4.2.0','i'),
	('dividerI','1.3.6.1.4.1.27928.102.4.22.2.3.0','u'),
	('dividerQ','1.3.6.1.4.1.27928.102.4.22.2.6.0','u'),
	('egrDscp','1.3.6.1.4.1.27928.102.1.5.6.0','u'),
	('egrDstEthAddress','1.3.6.1.4.1.27928.102.1.5.1.0','macAddress'),
	('egrDstIpAddress','1.3.6.1.4.1.27928.102.1.5.8.0','a'),
	('egrDstUdpPort','1.3.6.1.4.1.27928.102.1.5.10.0','u'),
	('egrModOutputEnabled','1.3.6.1.4.1.27928.102.1.5.11.0','i'),
	('egrNetOutputEnabled','1.3.6.1.4.1.27928.102.1.5.12.0','i'),
	('egrSrcEthAddress','1.3.6.1.4.1.27928.102.1.5.2.0','macAddress'),
	('egrSrcIpAddress','1.3.6.1.4.1.27928.102.1.5.7.0','a'),
	('egrSrcUdpPort','1.3.6.1.4.1.27928.102.1.5.9.0','u'),
	('egrTsoipMaxTimeout','1.3.6.1.4.1.27928.102.1.5.15.0','u'),
	('egrTsoipNumber','1.3.6.1.4.1.27928.102.1.5.13.0','u'),
	('egrTsoipTimeoutAwarenessEnable','1.3.6.1.4.1.27928.102.1.5.14.0','i'),
	('egrVlanPcp','1.3.6.1.4.1.27928.102.1.5.4.0','u'),
	('egrVlanSupport','1.3.6.1.4.1.27928.102.1.5.3.0','i'),
	('egrVlanVid','1.3.6.1.4.1.27928.102.1.5.5.0','u'),
	('fpgaImageFilename','1.3.6.1.4.1.27928.102.4.15.0','s'),
	('fpgaVersion','1.3.6.1.4.1.27928.102.4.6.0','s'),
	('fpgaVersionActive','1.3.6.1.4.1.27928.102.4.17.1.5','i'),
	('fpgaVersionIndex','1.3.6.1.4.1.27928.102.4.17.1.1','i'),
	('fpgaVersionSize','1.3.6.1.4.1.27928.102.4.17.1.3','u'),
	('fpgaVersionValid','1.3.6.1.4.1.27928.102.4.17.1.4','i'),
	('fpgaVersionValue','1.3.6.1.4.1.27928.102.4.17.1.2','s'),
	('frequency','1.3.6.1.4.1.27928.102.4.22.2.1.0','u'),
	('hardwareVersion','1.3.6.1.4.1.27928.102.4.7.0','s'),
	('ipfwdEnabled','1.3.6.1.4.1.27928.102.1.3.1.1.1.6','i'),
	('ipfwdEntryIndex','1.3.6.1.4.1.27928.102.1.3.1.1.1.1','u'),
	('ipfwdIpAddress','1.3.6.1.4.1.27928.102.1.3.1.1.1.2','a'),
	('ipfwdIpNetmask','1.3.6.1.4.1.27928.102.1.3.1.1.1.3','a'),
	('ipfwdMacAddress','1.3.6.1.4.1.27928.102.1.3.1.1.1.4','macAddress'),
	('ipfwdPid','1.3.6.1.4.1.27928.102.1.3.1.1.1.5','u'),
	('isolateNetworks','1.3.6.1.4.1.27928.102.3.21.0','i'),
	('lanDefaultGateway','1.3.6.1.4.1.27928.102.3.14.0','a'),
	('lanDhcpClient','1.3.6.1.4.1.27928.102.3.16.0','i'),
	('lanIpAddress','1.3.6.1.4.1.27928.102.3.11.0','a'),
	('lanMacAddress','1.3.6.1.4.1.27928.102.3.15.0','macAddress'),
	('lanMulticastMode','1.3.6.1.4.1.27928.102.3.13.0','i'),
	('lanSubnetMask','1.3.6.1.4.1.27928.102.3.12.0','a'),
	('loadValues','1.3.6.1.4.1.27928.102.4.22.2.10.0','i'),
	('managementDefaultGateway','1.3.6.1.4.1.27928.102.3.4.0','a'),
	('managementDhcpClient','1.3.6.1.4.1.27928.102.3.5.0','i'),
	('managementDscp','1.3.6.1.4.1.27928.102.3.6.0','i'),
	('managementIpAddress','1.3.6.1.4.1.27928.102.3.1.0','a'),
	('managementMacAddress','1.3.6.1.4.1.27928.102.3.3.0','macAddress'),
	('managementMulticastMode','1.3.6.1.4.1.27928.102.3.8.0','i'),
	('managementPortState','1.3.6.1.4.1.27928.102.3.9.0','i'),
	('managementSubnetMask','1.3.6.1.4.1.27928.102.3.2.0','a'),
	('managementVlanId','1.3.6.1.4.1.27928.102.3.7.0','i'),
	('maxPwl','1.3.6.1.4.1.27928.102.4.22.2.8.0','i'),
	('modCarrierAtOutput','1.3.6.1.4.1.27928.102.1.2.11.0','i'),
	('modDvbs2Profile','1.3.6.1.4.1.27928.102.1.2.6.0','i'),
	('modFrameType','1.3.6.1.4.1.27928.102.1.2.4.0','i'),
	('modInputBitrateStatus','1.3.6.1.4.1.27928.102.2.3.0','u'),
	('modModcod','1.3.6.1.4.1.27928.102.1.2.2.0','i'),
	('modModcodStatus','1.3.6.1.4.1.27928.102.2.5.0','i'),
	('modOutputBitrateStatus','1.3.6.1.4.1.27928.102.2.4.0','u'),
	('modOutputFormat','1.3.6.1.4.1.27928.102.1.2.10.0','i'),
	('modPilots','1.3.6.1.4.1.27928.102.1.2.3.0','i'),
	('modPowerState','1.3.6.1.4.1.27928.102.1.2.8.0','i'),
	('modRollOff','1.3.6.1.4.1.27928.102.1.2.5.0','i'),
	('modRolloffStatus','1.3.6.1.4.1.27928.102.2.6.0','i'),
	('modScramblerSeed','1.3.6.1.4.1.27928.102.1.2.7.0','i'),
	('modSpectrumInversion','1.3.6.1.4.1.27928.102.1.2.9.0','i'),
	('modSymbolRate','1.3.6.1.4.1.27928.102.1.2.1.0','u'),
	('multiplierI','1.3.6.1.4.1.27928.102.4.22.2.2.0','u'),
	('multiplierQ','1.3.6.1.4.1.27928.102.4.22.2.5.0','u'),
	('ntpServerIpAddress','1.3.6.1.4.1.27928.102.4.10.0','a'),
	('offsetI','1.3.6.1.4.1.27928.102.4.22.2.4.0','i'),
	('offsetQ','1.3.6.1.4.1.27928.102.4.22.2.7.0','i'),
	('password','1.3.6.1.4.1.27928.102.4.9.0','s'),
	('permanentStorageDevice','1.3.6.1.4.1.27928.102.4.21.0','s'),
	('productionCode','1.3.6.1.4.1.27928.102.4.4.0','u'),
	('rfCalibrationDivI','1.3.6.1.4.1.27928.102.4.22.1.1.5','u'),
	('rfCalibrationDivQ','1.3.6.1.4.1.27928.102.4.22.1.1.8','u'),
	('rfCalibrationEntryIndex','1.3.6.1.4.1.27928.102.4.22.1.1.1','u'),
	('rfCalibrationMaxPwl','1.3.6.1.4.1.27928.102.4.22.1.1.10','i'),
	('rfCalibrationMulI','1.3.6.1.4.1.27928.102.4.22.1.1.4','u'),
	('rfCalibrationMulQ','1.3.6.1.4.1.27928.102.4.22.1.1.7','u'),
	('rfCalibrationOffsetI','1.3.6.1.4.1.27928.102.4.22.1.1.6','i'),
	('rfCalibrationOffsetQ','1.3.6.1.4.1.27928.102.4.22.1.1.9','i'),
	('rfCalibrationRangeEnd','1.3.6.1.4.1.27928.102.4.22.1.1.3','u'),
	('rfCalibrationRangeStart','1.3.6.1.4.1.27928.102.4.22.1.1.2','u'),
	('routerArpMode','1.3.6.1.4.1.27928.102.3.10.0','i'),
	('routerArpPeriod','1.3.6.1.4.1.27928.102.3.19.0','u'),
	('routerArpTimeout','1.3.6.1.4.1.27928.102.3.20.0','u'),
	('routerIpAddress','1.3.6.1.4.1.27928.102.3.17.0','a'),
	('routerMacAddress','1.3.6.1.4.1.27928.102.3.18.0','macAddress'),
	('serialNumber','1.3.6.1.4.1.27928.102.4.3.0','u'),
	('snmpReadCommunity','1.3.6.1.4.1.27928.102.4.13.0','s'),
	('snmpTrapServerIpAddress','1.3.6.1.4.1.27928.102.4.11.0','a'),
	('snmpWriteCommunity','1.3.6.1.4.1.27928.102.4.12.0','s'),
	('softwareImageFilename','1.3.6.1.4.1.27928.102.4.18.0','s'),
	('softwareVersion','1.3.6.1.4.1.27928.102.4.5.0','s'),
	('softwareVersionActive','1.3.6.1.4.1.27928.102.4.20.1.5','i'),
	('softwareVersionIndex','1.3.6.1.4.1.27928.102.4.20.1.1','i'),
	('softwareVersionSize','1.3.6.1.4.1.27928.102.4.20.1.3','u'),
	('softwareVersionValid','1.3.6.1.4.1.27928.102.4.20.1.4','i'),
	('softwareVersionValue','1.3.6.1.4.1.27928.102.4.20.1.2','s'),
	('startBootloaderDownload','1.3.6.1.4.1.27928.102.4.25.0','i'),
	('startBootloaderUpgrade','1.3.6.1.4.1.27928.102.4.24.0','i'),
	('startFpgaUpgrade','1.3.6.1.4.1.27928.102.4.16.0','i'),
	('startSoftwareUpgrade','1.3.6.1.4.1.27928.102.4.19.0','i'),
	('storeValues','1.3.6.1.4.1.27928.102.4.22.2.11.0','i'),
	('testSignalControl','1.3.6.1.4.1.27928.102.4.22.2.9.0','i'),
	('tftpServerIp','1.3.6.1.4.1.27928.102.4.14.0','a'),
	('txFrequency','1.3.6.1.4.1.27928.102.1.1.1.0','u'),
	('txFrequencyStatus','1.3.6.1.4.1.27928.102.2.2.0','u'),
	('txPowerLevel','1.3.6.1.4.1.27928.102.1.1.2.0','i'),
	('txPowerState','1.3.6.1.4.1.27928.102.1.1.3.0','i'),
	('txPowerStateInitial','1.3.6.1.4.1.27928.102.1.1.4.0','i'),
	('txPowerStateStatus','1.3.6.1.4.1.27928.102.2.1.0','i'),
	('username','1.3.6.1.4.1.27928.102.4.8.0','s'),
	('vrrpAdvInterval','1.3.6.1.4.1.27928.102.3.28.0','u'),
	('vrrpEnabled','1.3.6.1.4.1.27928.102.3.22.0','i'),
	('vrrpIpAddress','1.3.6.1.4.1.27928.102.3.23.0','a'),
	('vrrpIpNetmask','1.3.6.1.4.1.27928.102.3.24.0','a'),
	('vrrpPriority','1.3.6.1.4.1.27928.102.3.27.0','u'),
	('vrrpState','1.3.6.1.4.1.27928.102.3.26.0','i'),
	('vrrpVrid','1.3.6.1.4.1.27928.102.3.25.0','u'),
	('warmReset','1.3.6.1.4.1.27928.102.4.1.0','i');

/*!40000 ALTER TABLE `st1mib` ENABLE KEYS */;
UNLOCK TABLES;


# Dump of table st1tables
# ------------------------------------------------------------

DROP TABLE IF EXISTS `st1tables`;

CREATE TABLE `st1tables` (
  `id` int(100) NOT NULL AUTO_INCREMENT,
  `name` varchar(100) NOT NULL,
  `oid` text,
  `type` text,
  `forTable` text NOT NULL,
  `row` int(11) DEFAULT NULL,
  PRIMARY KEY (`id`)
) ENGINE=InnoDB DEFAULT CHARSET=latin1;

LOCK TABLES `st1tables` WRITE;
/*!40000 ALTER TABLE `st1tables` DISABLE KEYS */;

INSERT INTO `st1tables` (`id`, `name`, `oid`, `type`, `forTable`, `row`)
VALUES
	(1,'softwareVersionValue','1.3.6.1.4.1.27928.102.4.20.1.2.1','s','software',1),
	(2,'softwareVersionValue','1.3.6.1.4.1.27928.102.4.20.1.2.2','s','software',2),
	(3,'softwareVersionSize','1.3.6.1.4.1.27928.102.4.20.1.3.1','','software',1),
	(4,'softwareVersionSize','1.3.6.1.4.1.27928.102.4.20.1.3.2','','software',2),
	(5,'softwareVersionValid','1.3.6.1.4.1.27928.102.4.20.1.4.1','i','software',1),
	(6,'softwareVersionValid','1.3.6.1.4.1.27928.102.4.20.1.4.2','i','software',2),
	(7,'softwareVersionActive','1.3.6.1.4.1.27928.102.4.20.1.5.1','i','software',1),
	(8,'softwareVersionActive','1.3.6.1.4.1.27928.102.4.20.1.5.2','i','software',2),
	(9,'fpgaVersionValue','1.3.6.1.4.1.27928.102.4.17.1.2.1','s','fpga',1),
	(10,'fpgaVersionSize','1.3.6.1.4.1.27928.102.4.17.1.3.1','','fpga',1),
	(11,'fpgaVersionValid','1.3.6.1.4.1.27928.102.4.17.1.4.1','i','fpga',1),
	(12,'fpgaVersionActive','1.3.6.1.4.1.27928.102.4.17.1.5.1','i','fpga',1),
	(13,'fpgaVersionValue','1.3.6.1.4.1.27928.102.4.17.1.2.2','s','fpga',2),
	(14,'fpgaVersionSize','1.3.6.1.4.1.27928.102.4.17.1.3.2','','fpga',2),
	(15,'fpgaVersionValid','1.3.6.1.4.1.27928.102.4.17.1.4.2','i','fpga',2),
	(16,'fpgaVersionActive','1.3.6.1.4.1.27928.102.4.17.1.5.2','i','fpga',2),
	(21,'blVersionValue','1.3.6.1.4.1.27928.102.4.26.1.2.1','s','bl',1),
	(22,'blVersionSize','1.3.6.1.4.1.27928.102.4.26.1.3.1','','bl',1),
	(23,'blVersionValid','1.3.6.1.4.1.27928.102.4.26.1.4.1','i','bl',1),
	(24,'blVersionActive','1.3.6.1.4.1.27928.102.4.26.1.5.1','i','bl',1);

/*!40000 ALTER TABLE `st1tables` ENABLE KEYS */;
UNLOCK TABLES;


# Dump of table tc1mib
# ------------------------------------------------------------

DROP TABLE IF EXISTS `tc1mib`;

CREATE TABLE `tc1mib` (
  `name` varchar(100) NOT NULL,
  `oid` text,
  `type` text,
  PRIMARY KEY (`name`)
) ENGINE=InnoDB DEFAULT CHARSET=latin1;

LOCK TABLES `tc1mib` WRITE;
/*!40000 ALTER TABLE `tc1mib` DISABLE KEYS */;

INSERT INTO `tc1mib` (`name`, `oid`, `type`)
VALUES
	('acquisitionBandwidth1','1.3.6.1.4.1.27928.103.1.1.1.1.1.2.0','u'),
	('acquisitionBandwidth2','1.3.6.1.4.1.27928.103.1.1.1.2.1.2.0','u'),
	('acquisitionBandwidth3','1.3.6.1.4.1.27928.103.1.1.2.1.1.2.0','u'),
	('acquisitionBandwidth4','1.3.6.1.4.1.27928.103.1.1.2.2.1.2.0','u'),
	('ber1','1.3.6.1.4.1.27928.103.1.1.1.4.5.0','u'),
	('ber2','1.3.6.1.4.1.27928.103.1.1.2.4.5.0','u'),
	('bootloaderImageFilename','1.3.6.1.4.1.27928.103.3.23.0','s'),
	('bootloaderVersionActive','1.3.6.1.4.1.27928.103.3.26.1.5','i'),
	('bootloaderVersionIndex','1.3.6.1.4.1.27928.103.3.26.1.1','i'),
	('bootloaderVersionSize','1.3.6.1.4.1.27928.103.3.26.1.3','u'),
	('bootloaderVersionValid','1.3.6.1.4.1.27928.103.3.26.1.4','i'),
	('bootloaderVersionValue','1.3.6.1.4.1.27928.103.3.26.1.2','s'),
	('codingMode1','1.3.6.1.4.1.27928.103.1.1.1.1.2.3.0','i'),
	('codingMode2','1.3.6.1.4.1.27928.103.1.1.1.2.2.3.0','i'),
	('codingMode3','1.3.6.1.4.1.27928.103.1.1.2.1.2.3.0','i'),
	('codingMode4','1.3.6.1.4.1.27928.103.1.1.2.2.2.3.0','i'),
	('coldReset','1.3.6.1.4.1.27928.103.3.2.0','i'),
	('compensation1','1.3.6.1.4.1.27928.103.1.1.1.1.3.2.0','i'),
	('compensation2','1.3.6.1.4.1.27928.103.1.1.1.2.3.2.0','i'),
	('compensation3','1.3.6.1.4.1.27928.103.1.1.2.1.3.2.0','i'),
	('compensation4','1.3.6.1.4.1.27928.103.1.1.2.2.3.2.0','i'),
	('crcErrors1','1.3.6.1.4.1.27928.103.1.1.1.4.8.0','u'),
	('crcErrors2','1.3.6.1.4.1.27928.103.1.1.2.4.8.0','u'),
	('demodulatorStatus1','1.3.6.1.4.1.27928.103.1.1.1.4.7.0','i'),
	('demodulatorStatus2','1.3.6.1.4.1.27928.103.1.1.2.4.7.0','i'),
	('egrAsiDscp','1.3.6.1.4.1.27928.103.1.2.3.6.0','i'),
	('egrAsiDstEthAddress','1.3.6.1.4.1.27928.103.1.2.3.1.0','macAddress'),
	('egrAsiDstIpAddress','1.3.6.1.4.1.27928.103.1.2.3.8.0','a'),
	('egrAsiDstUdpPort','1.3.6.1.4.1.27928.103.1.2.3.10.0','u'),
	('egrAsiEnabled','1.3.6.1.4.1.27928.103.1.2.3.15.0','i'),
	('egrAsiMaxTimeout','1.3.6.1.4.1.27928.103.1.2.3.14.0','u'),
	('egrAsiPcrAwareness','1.3.6.1.4.1.27928.103.1.2.3.12.0','i'),
	('egrAsiSrcEthAddress','1.3.6.1.4.1.27928.103.1.2.3.2.0','macAddress'),
	('egrAsiSrcIpAddress','1.3.6.1.4.1.27928.103.1.2.3.7.0','a'),
	('egrAsiSrcUdpPort','1.3.6.1.4.1.27928.103.1.2.3.9.0','u'),
	('egrAsiTimeoutAwareness','1.3.6.1.4.1.27928.103.1.2.3.13.0','i'),
	('egrAsiTSoIPContainerSize','1.3.6.1.4.1.27928.103.1.2.3.11.0','u'),
	('egrAsiVlanId','1.3.6.1.4.1.27928.103.1.2.3.5.0','u'),
	('egrAsiVlanPcp','1.3.6.1.4.1.27928.103.1.2.3.4.0','u'),
	('egrAsiVlanSupport','1.3.6.1.4.1.27928.103.1.2.3.3.0','i'),
	('egrRx1Dscp','1.3.6.1.4.1.27928.103.1.2.1.6.0','i'),
	('egrRx1DstEthAddress','1.3.6.1.4.1.27928.103.1.2.1.1.0','macAddress'),
	('egrRx1DstIpAddress','1.3.6.1.4.1.27928.103.1.2.1.8.0','a'),
	('egrRx1DstUdpPort','1.3.6.1.4.1.27928.103.1.2.1.10.0','u'),
	('egrRx1Enabled','1.3.6.1.4.1.27928.103.1.2.1.15.0','i'),
	('egrRx1MaxTimeout','1.3.6.1.4.1.27928.103.1.2.1.14.0','u'),
	('egrRx1PcrAwareness','1.3.6.1.4.1.27928.103.1.2.1.12.0','i'),
	('egrRx1SrcEthAddress','1.3.6.1.4.1.27928.103.1.2.1.2.0','macAddress'),
	('egrRx1SrcIpAddress','1.3.6.1.4.1.27928.103.1.2.1.7.0','a'),
	('egrRx1SrcUdpPort','1.3.6.1.4.1.27928.103.1.2.1.9.0','u'),
	('egrRx1TimeoutAwareness','1.3.6.1.4.1.27928.103.1.2.1.13.0','i'),
	('egrRx1TSoIPContainerSize','1.3.6.1.4.1.27928.103.1.2.1.11.0','u'),
	('egrRx1VlanId','1.3.6.1.4.1.27928.103.1.2.1.5.0','u'),
	('egrRx1VlanPcp','1.3.6.1.4.1.27928.103.1.2.1.4.0','u'),
	('egrRx1VlanSupport','1.3.6.1.4.1.27928.103.1.2.1.3.0','i'),
	('egrRx2Dscp','1.3.6.1.4.1.27928.103.1.2.2.6.0','i'),
	('egrRx2DstEthAddress','1.3.6.1.4.1.27928.103.1.2.2.1.0','macAddress'),
	('egrRx2DstIpAddress','1.3.6.1.4.1.27928.103.1.2.2.8.0','a'),
	('egrRx2DstUdpPort','1.3.6.1.4.1.27928.103.1.2.2.10.0','u'),
	('egrRx2Enabled','1.3.6.1.4.1.27928.103.1.2.2.15.0','i'),
	('egrRx2MaxTimeout','1.3.6.1.4.1.27928.103.1.2.2.14.0','u'),
	('egrRx2PcrAwareness','1.3.6.1.4.1.27928.103.1.2.2.12.0','i'),
	('egrRx2SrcEthAddress','1.3.6.1.4.1.27928.103.1.2.2.2.0','macAddress'),
	('egrRx2SrcIpAddress','1.3.6.1.4.1.27928.103.1.2.2.7.0','a'),
	('egrRx2SrcUdpPort','1.3.6.1.4.1.27928.103.1.2.2.9.0','u'),
	('egrRx2TimeoutAwareness','1.3.6.1.4.1.27928.103.1.2.2.13.0','i'),
	('egrRx2TSoIPContainerSize','1.3.6.1.4.1.27928.103.1.2.2.11.0','u'),
	('egrRx2VlanId','1.3.6.1.4.1.27928.103.1.2.2.5.0','u'),
	('egrRx2VlanPcp','1.3.6.1.4.1.27928.103.1.2.2.4.0','u'),
	('egrRx2VlanSupport','1.3.6.1.4.1.27928.103.1.2.2.3.0','i'),
	('encapsulation1','1.3.6.1.4.1.27928.103.1.1.1.1.4.3.0','i'),
	('encapsulation2','1.3.6.1.4.1.27928.103.1.1.1.2.4.3.0','i'),
	('encapsulation3','1.3.6.1.4.1.27928.103.1.1.2.1.4.3.0','i'),
	('encapsulation4','1.3.6.1.4.1.27928.103.1.1.2.2.4.3.0','i'),
	('esno1','1.3.6.1.4.1.27928.103.1.1.1.4.4.0','i'),
	('esno2','1.3.6.1.4.1.27928.103.1.1.2.4.4.0','i'),
	('fpgaImageFilename','1.3.6.1.4.1.27928.103.3.15.0','s'),
	('fpgaVersion','1.3.6.1.4.1.27928.103.3.6.0','s'),
	('fpgaVersionActive','1.3.6.1.4.1.27928.103.3.17.1.5','i'),
	('fpgaVersionIndex','1.3.6.1.4.1.27928.103.3.17.1.1','i'),
	('fpgaVersionSize','1.3.6.1.4.1.27928.103.3.17.1.3','u'),
	('fpgaVersionValid','1.3.6.1.4.1.27928.103.3.17.1.4','i'),
	('fpgaVersionValue','1.3.6.1.4.1.27928.103.3.17.1.2','s'),
	('frameType1','1.3.6.1.4.1.27928.103.1.1.1.1.4.1.0','i'),
	('frameType2','1.3.6.1.4.1.27928.103.1.1.1.2.4.1.0','i'),
	('frameType3','1.3.6.1.4.1.27928.103.1.1.2.1.4.1.0','i'),
	('frameType4','1.3.6.1.4.1.27928.103.1.1.2.2.4.1.0','i'),
	('frequency1','1.3.6.1.4.1.27928.103.1.1.1.1.1.1.0','u'),
	('frequency2','1.3.6.1.4.1.27928.103.1.1.1.2.1.1.0','u'),
	('frequency3','1.3.6.1.4.1.27928.103.1.1.2.1.1.1.0','u'),
	('frequency4','1.3.6.1.4.1.27928.103.1.1.2.2.1.1.0','u'),
	('frequencyOffset1','1.3.6.1.4.1.27928.103.1.1.1.4.2.0','u'),
	('frequencyOffset2','1.3.6.1.4.1.27928.103.1.1.2.4.2.0','u'),
	('gain1','1.3.6.1.4.1.27928.103.1.1.1.1.1.3.0','i'),
	('gain2','1.3.6.1.4.1.27928.103.1.1.1.2.1.3.0','i'),
	('gain3','1.3.6.1.4.1.27928.103.1.1.2.1.1.3.0','i'),
	('gain4','1.3.6.1.4.1.27928.103.1.1.2.2.1.3.0','i'),
	('goldCode1','1.3.6.1.4.1.27928.103.1.1.1.1.2.8.0','i'),
	('goldCode2','1.3.6.1.4.1.27928.103.1.1.1.2.2.8.0','i'),
	('goldCode3','1.3.6.1.4.1.27928.103.1.1.2.1.2.8.0','i'),
	('goldCode4','1.3.6.1.4.1.27928.103.1.1.2.2.2.8.0','i'),
	('hardwareVersion','1.3.6.1.4.1.27928.103.3.7.0','s'),
	('isi1','1.3.6.1.4.1.27928.103.1.1.1.1.4.2.0','i'),
	('isi2','1.3.6.1.4.1.27928.103.1.1.1.2.4.2.0','i'),
	('isi3','1.3.6.1.4.1.27928.103.1.1.2.1.4.2.0','i'),
	('isi4','1.3.6.1.4.1.27928.103.1.1.2.2.4.2.0','i'),
	('lanDhcpClient','1.3.6.1.4.1.27928.103.2.11.0','i'),
	('lanIpAddress','1.3.6.1.4.1.27928.103.2.8.0','a'),
	('lanMacAddress','1.3.6.1.4.1.27928.103.2.10.0','macAddress'),
	('lanSubnetMask','1.3.6.1.4.1.27928.103.2.9.0','a'),
	('linkMargin1','1.3.6.1.4.1.27928.103.1.1.1.4.6.0','i'),
	('linkMargin2','1.3.6.1.4.1.27928.103.1.1.2.4.6.0','i'),
	('lnbPower1','1.3.6.1.4.1.27928.103.1.1.1.1.3.1.0','i'),
	('lnbPower2','1.3.6.1.4.1.27928.103.1.1.1.2.3.1.0','i'),
	('lnbPower3','1.3.6.1.4.1.27928.103.1.1.2.1.3.1.0','i'),
	('lnbPower4','1.3.6.1.4.1.27928.103.1.1.2.2.3.1.0','i'),
	('managementDefaultGateway','1.3.6.1.4.1.27928.103.2.4.0','a'),
	('managementDhcpClient','1.3.6.1.4.1.27928.103.2.5.0','i'),
	('managementDscp','1.3.6.1.4.1.27928.103.2.6.0','i'),
	('managementIpAddress','1.3.6.1.4.1.27928.103.2.1.0','a'),
	('managementMacAddress','1.3.6.1.4.1.27928.103.2.3.0','macAddress'),
	('managementSubnetMask','1.3.6.1.4.1.27928.103.2.2.0','a'),
	('managementVlanId','1.3.6.1.4.1.27928.103.2.7.0','i'),
	('modcod1','1.3.6.1.4.1.27928.103.1.1.1.1.2.4.0','i'),
	('modcod2','1.3.6.1.4.1.27928.103.1.1.1.2.2.4.0','i'),
	('modcod3','1.3.6.1.4.1.27928.103.1.1.2.1.2.4.0','i'),
	('modcod4','1.3.6.1.4.1.27928.103.1.1.2.2.2.4.0','i'),
	('modcodStatus1','1.3.6.1.4.1.27928.103.1.1.1.4.10.0','i'),
	('modcodStatus2','1.3.6.1.4.1.27928.103.1.1.2.4.10.0','i'),
	('ntpServerIpAddress','1.3.6.1.4.1.27928.103.3.10.0','a'),
	('password','1.3.6.1.4.1.27928.103.3.9.0','s'),
	('permanentStorageDevice','1.3.6.1.4.1.27928.103.3.21.0','s'),
	('pilots1','1.3.6.1.4.1.27928.103.1.1.1.1.2.6.0','i'),
	('pilots2','1.3.6.1.4.1.27928.103.1.1.1.2.2.6.0','i'),
	('pilots3','1.3.6.1.4.1.27928.103.1.1.2.1.2.6.0','i'),
	('pilots4','1.3.6.1.4.1.27928.103.1.1.2.2.2.6.0','i'),
	('pilotsStatus1','1.3.6.1.4.1.27928.103.1.1.1.4.12.0','i'),
	('pilotsStatus2','1.3.6.1.4.1.27928.103.1.1.2.4.12.0','i'),
	('powerLevel1','1.3.6.1.4.1.27928.103.1.1.1.4.3.0','i'),
	('powerLevel2','1.3.6.1.4.1.27928.103.1.1.2.4.3.0','i'),
	('productionCode','1.3.6.1.4.1.27928.103.3.4.0','u'),
	('profileName1','1.3.6.1.4.1.27928.103.1.1.1.1.5.0','s'),
	('profileName2','1.3.6.1.4.1.27928.103.1.1.1.2.5.0','s'),
	('profileName3','1.3.6.1.4.1.27928.103.1.1.2.1.5.0','s'),
	('profileName4','1.3.6.1.4.1.27928.103.1.1.2.2.5.0','s'),
	('rollOff1','1.3.6.1.4.1.27928.103.1.1.1.1.2.5.0','i'),
	('rollOff2','1.3.6.1.4.1.27928.103.1.1.1.2.2.5.0','i'),
	('rollOff3','1.3.6.1.4.1.27928.103.1.1.2.1.2.5.0','i'),
	('rollOff4','1.3.6.1.4.1.27928.103.1.1.2.2.2.5.0','i'),
	('rollOffStatus1','1.3.6.1.4.1.27928.103.1.1.1.4.11.0','i'),
	('rollOffStatus2','1.3.6.1.4.1.27928.103.1.1.2.4.11.0','i'),
	('rx1CfgMode','1.3.6.1.4.1.27928.103.1.1.1.3.3.0','i'),
	('rx1CfgSet1Status','1.3.6.1.4.1.27928.103.1.1.1.3.1.0','i'),
	('rx1CfgSet2Status','1.3.6.1.4.1.27928.103.1.1.1.3.2.0','i'),
	('rx1CfgSwitchPeriod','1.3.6.1.4.1.27928.103.1.1.1.3.4.0','i'),
	('rx2CfgMode','1.3.6.1.4.1.27928.103.1.1.2.3.3.0','i'),
	('rx2CfgSet1Status','1.3.6.1.4.1.27928.103.1.1.2.3.1.0','i'),
	('rx2CfgSet2Status','1.3.6.1.4.1.27928.103.1.1.2.3.2.0','i'),
	('rx2CfgSwitchPeriod','1.3.6.1.4.1.27928.103.1.1.2.3.4.0','i'),
	('rxActive','1.3.6.1.4.1.27928.103.1.1.3.1.0','i'),
	('rxChannelOpMode','1.3.6.1.4.1.27928.103.1.1.3.4.0','i'),
	('rxChipsetModel','1.3.6.1.4.1.27928.103.3.22.0','s'),
	('rxSwitchMode','1.3.6.1.4.1.27928.103.1.1.3.2.0','i'),
	('rxSwitchPeriod','1.3.6.1.4.1.27928.103.1.1.3.3.0','i'),
	('serialNumber','1.3.6.1.4.1.27928.103.3.3.0','u'),
	('signal22KHz1','1.3.6.1.4.1.27928.103.1.1.1.1.3.3.0','i'),
	('signal22KHz2','1.3.6.1.4.1.27928.103.1.1.1.2.3.3.0','i'),
	('signal22KHz3','1.3.6.1.4.1.27928.103.1.1.2.1.3.3.0','i'),
	('signal22KHz4','1.3.6.1.4.1.27928.103.1.1.2.2.3.3.0','i'),
	('snmpReadCommunity','1.3.6.1.4.1.27928.103.3.13.0','s'),
	('snmpTrapServerIpAddress','1.3.6.1.4.1.27928.103.3.11.0','a'),
	('snmpWriteCommunity','1.3.6.1.4.1.27928.103.3.12.0','s'),
	('softwareImageFilename','1.3.6.1.4.1.27928.103.3.18.0','s'),
	('softwareVersion','1.3.6.1.4.1.27928.103.3.5.0','s'),
	('softwareVersionActive','1.3.6.1.4.1.27928.103.3.20.1.5','i'),
	('softwareVersionIndex','1.3.6.1.4.1.27928.103.3.20.1.1','i'),
	('softwareVersionSize','1.3.6.1.4.1.27928.103.3.20.1.3','u'),
	('softwareVersionValid','1.3.6.1.4.1.27928.103.3.20.1.4','i'),
	('softwareVersionValue','1.3.6.1.4.1.27928.103.3.20.1.2','s'),
	('spectralInversion1','1.3.6.1.4.1.27928.103.1.1.1.1.2.7.0','i'),
	('spectralInversion2','1.3.6.1.4.1.27928.103.1.1.1.2.2.7.0','i'),
	('spectralInversion3','1.3.6.1.4.1.27928.103.1.1.2.1.2.7.0','i'),
	('spectralInversion4','1.3.6.1.4.1.27928.103.1.1.2.2.2.7.0','i'),
	('standard1','1.3.6.1.4.1.27928.103.1.1.1.1.2.1.0','i'),
	('standard2','1.3.6.1.4.1.27928.103.1.1.1.2.2.1.0','i'),
	('standard3','1.3.6.1.4.1.27928.103.1.1.2.1.2.1.0','i'),
	('standard4','1.3.6.1.4.1.27928.103.1.1.2.2.2.1.0','i'),
	('startBootloaderDownload','1.3.6.1.4.1.27928.103.3.25.0','i'),
	('startBootloaderUpgrade','1.3.6.1.4.1.27928.103.3.24.0','i'),
	('startFpgaUpgrade','1.3.6.1.4.1.27928.103.3.16.0','i'),
	('startSoftwareUpgrade','1.3.6.1.4.1.27928.103.3.19.0','i'),
	('symbolRate1','1.3.6.1.4.1.27928.103.1.1.1.1.2.2.0','u'),
	('symbolRate2','1.3.6.1.4.1.27928.103.1.1.1.2.2.2.0','u'),
	('symbolRate3','1.3.6.1.4.1.27928.103.1.1.2.1.2.2.0','u'),
	('symbolRate4','1.3.6.1.4.1.27928.103.1.1.2.2.2.2.0','u'),
	('tftpServerIp','1.3.6.1.4.1.27928.103.3.14.0','a'),
	('transportStatus1','1.3.6.1.4.1.27928.103.1.1.1.4.9.0','i'),
	('transportStatus2','1.3.6.1.4.1.27928.103.1.1.2.4.9.0','i'),
	('tunerStatus1','1.3.6.1.4.1.27928.103.1.1.1.4.1.0','i'),
	('tunerStatus2','1.3.6.1.4.1.27928.103.1.1.2.4.1.0','i'),
	('username','1.3.6.1.4.1.27928.103.3.8.0','s'),
	('warmReset','1.3.6.1.4.1.27928.103.3.1.0','i');

/*!40000 ALTER TABLE `tc1mib` ENABLE KEYS */;
UNLOCK TABLES;


# Dump of table tc1tables
# ------------------------------------------------------------

DROP TABLE IF EXISTS `tc1tables`;

CREATE TABLE `tc1tables` (
  `id` int(100) NOT NULL AUTO_INCREMENT,
  `name` varchar(100) NOT NULL,
  `oid` text,
  `type` text,
  `forTable` text NOT NULL,
  `row` int(11) DEFAULT NULL,
  PRIMARY KEY (`id`)
) ENGINE=InnoDB DEFAULT CHARSET=latin1;

LOCK TABLES `tc1tables` WRITE;
/*!40000 ALTER TABLE `tc1tables` DISABLE KEYS */;

INSERT INTO `tc1tables` (`id`, `name`, `oid`, `type`, `forTable`, `row`)
VALUES
	(1,'softwareVersionValue','1.3.6.1.4.1.27928.103.3.20.1.2.1','s','software',1),
	(2,'softwareVersionValue','1.3.6.1.4.1.27928.103.3.20.1.2.2','s','software',2),
	(3,'softwareVersionSize','1.3.6.1.4.1.27928.103.3.20.1.3.1','','software',1),
	(4,'softwareVersionSize','1.3.6.1.4.1.27928.103.3.20.1.3.2','','software',2),
	(5,'softwareVersionValid','1.3.6.1.4.1.27928.103.3.20.1.4.1','i','software',1),
	(6,'softwareVersionValid','1.3.6.1.4.1.27928.103.3.20.1.4.2','i','software',2),
	(7,'softwareVersionActive','1.3.6.1.4.1.27928.103.3.20.1.5.1','i','software',1),
	(8,'softwareVersionActive','1.3.6.1.4.1.27928.103.3.20.1.5.2','i','software',2),
	(9,'fpgaVersionValue','1.3.6.1.4.1.27928.103.3.17.1.2.1','s','fpga',1),
	(10,'fpgaVersionSize','1.3.6.1.4.1.27928.103.3.17.1.3.1','','fpga',1),
	(11,'fpgaVersionValid','1.3.6.1.4.1.27928.103.3.17.1.4.1','i','fpga',1),
	(12,'fpgaVersionActive','1.3.6.1.4.1.27928.103.3.17.1.5.1','i','fpga',1),
	(13,'fpgaVersionValue','1.3.6.1.4.1.27928.103.3.17.1.2.2','s','fpga',2),
	(14,'fpgaVersionSize','1.3.6.1.4.1.27928.103.3.17.1.3.2','','fpga',2),
	(15,'fpgaVersionValid','1.3.6.1.4.1.27928.103.3.17.1.4.2','i','fpga',2),
	(16,'fpgaVersionActive','1.3.6.1.4.1.27928.103.3.17.1.5.2','i','fpga',2),
	(21,'blVersionValue','1.3.6.1.4.1.27928.103.3.26.1.2.1','s','bl',1),
	(22,'blVersionSize','1.3.6.1.4.1.27928.103.3.26.1.3.1','','bl',1),
	(23,'blVersionValid','1.3.6.1.4.1.27928.103.3.26.1.4.1','i','bl',1),
	(24,'blVersionActive','1.3.6.1.4.1.27928.103.3.26.1.5.1','i','bl',1);

/*!40000 ALTER TABLE `tc1tables` ENABLE KEYS */;
UNLOCK TABLES;



/*!40111 SET SQL_NOTES=@OLD_SQL_NOTES */;
/*!40101 SET SQL_MODE=@OLD_SQL_MODE */;
/*!40014 SET FOREIGN_KEY_CHECKS=@OLD_FOREIGN_KEY_CHECKS */;
/*!40101 SET CHARACTER_SET_CLIENT=@OLD_CHARACTER_SET_CLIENT */;
/*!40101 SET CHARACTER_SET_RESULTS=@OLD_CHARACTER_SET_RESULTS */;
/*!40101 SET COLLATION_CONNECTION=@OLD_COLLATION_CONNECTION */;
