-- phpMyAdmin SQL Dump
-- version 3.4.10.1deb1
-- http://www.phpmyadmin.net
--
-- Host: localhost
-- Generation Time: Jan 05, 2014 at 04:14 PM
-- Server version: 5.5.32
-- PHP Version: 5.3.10-1ubuntu3.8

SET SQL_MODE="NO_AUTO_VALUE_ON_ZERO";
SET time_zone = "+00:00";


/*!40101 SET @OLD_CHARACTER_SET_CLIENT=@@CHARACTER_SET_CLIENT */;
/*!40101 SET @OLD_CHARACTER_SET_RESULTS=@@CHARACTER_SET_RESULTS */;
/*!40101 SET @OLD_COLLATION_CONNECTION=@@COLLATION_CONNECTION */;
/*!40101 SET NAMES utf8 */;

--
-- Database: `Ayecka`
--

-- --------------------------------------------------------

--
-- Table structure for table `sr1mib`
--

CREATE TABLE IF NOT EXISTS `sr1mib` (
  `name` varchar(100) NOT NULL,
  `oid` text,
  `type` text,
  PRIMARY KEY (`name`)
) ENGINE=InnoDB DEFAULT CHARSET=latin1;

--
-- Dumping data for table `sr1mib`
--

INSERT INTO `sr1mib` (`name`, `oid`, `type`) VALUES
('acquisitionBandwidth1', '1.3.6.1.4.1.27928.101.1.1.1.1.2.0', 'u'),
('acquisitionBandwidth2', '1.3.6.1.4.1.27928.101.1.1.2.1.2.0', 'u'),
('acquisitionBandwidth3', '1.3.6.1.4.1.27928.101.1.2.1.1.2.0', 'u'),
('acquisitionBandwidth4', '1.3.6.1.4.1.27928.101.1.2.2.1.2.0', 'u'),
('airIpAddress', '1.3.6.1.4.1.27928.101.2.20.0', 'a'),
('airMacAddress', '1.3.6.1.4.1.27928.101.2.21.0', 'x'),
('arpTableIpAddress', '1.3.6.1.4.1.27928.101.2.23.0', 'a'),
('arpTableIpNetmask', '1.3.6.1.4.1.27928.101.2.24.0', 'a'),
('badFrameCount1', '1.3.6.1.4.1.27928.101.1.1.4.15.0', 'u'),
('badFrameCount2', '1.3.6.1.4.1.27928.101.1.2.4.15.0', 'u'),
('badPacketCount1', '1.3.6.1.4.1.27928.101.1.1.4.16.0', 'u'),
('badPacketCount2', '1.3.6.1.4.1.27928.101.1.2.4.16.0', 'u'),
('ber1', '1.3.6.1.4.1.27928.101.1.1.4.5.0', 'u'),
('ber2', '1.3.6.1.4.1.27928.101.1.2.4.5.0', 'u'),
('bootloaderImageFilename', '1.3.6.1.4.1.27928.101.3.25.0', 's'),
('bootloaderVersionActive', '1.3.6.1.4.1.27928.101.3.28.1.5', 'i'),
('bootloaderVersionIndex', '1.3.6.1.4.1.27928.101.3.28.1.1', 'i'),
('bootloaderVersionSize', '1.3.6.1.4.1.27928.101.3.28.1.3', 'u'),
('bootloaderVersionValid', '1.3.6.1.4.1.27928.101.3.28.1.4', 'i'),
('bootloaderVersionValue', '1.3.6.1.4.1.27928.101.3.28.1.2', 's'),
('codingMode1', '1.3.6.1.4.1.27928.101.1.1.1.2.3.0', 'i'),
('codingMode2', '1.3.6.1.4.1.27928.101.1.1.2.2.3.0', 'i'),
('codingMode3', '1.3.6.1.4.1.27928.101.1.2.1.2.3.0', 'i'),
('codingMode4', '1.3.6.1.4.1.27928.101.1.2.2.2.3.0', 'i'),
('coldReset', '1.3.6.1.4.1.27928.101.3.2.0', 'i'),
('compensation1', '1.3.6.1.4.1.27928.101.1.1.1.3.2.0', 'i'),
('compensation2', '1.3.6.1.4.1.27928.101.1.1.2.3.2.0', 'i'),
('compensation3', '1.3.6.1.4.1.27928.101.1.2.1.3.2.0', 'i'),
('compensation4', '1.3.6.1.4.1.27928.101.1.2.2.3.2.0', 'i'),
('counterCrcErrors1', '1.3.6.1.4.1.27928.101.1.1.1.4.3.1.6', 'u'),
('counterCrcErrors2', '1.3.6.1.4.1.27928.101.1.1.2.4.3.1.6', 'u'),
('counterCrcErrors3', '1.3.6.1.4.1.27928.101.1.2.1.4.3.1.6', 'u'),
('counterCrcErrors4', '1.3.6.1.4.1.27928.101.1.2.2.4.3.1.6', 'u'),
('counterMpeDiscarded1', '1.3.6.1.4.1.27928.101.1.1.1.4.3.1.7', 'u'),
('counterMpeDiscarded2', '1.3.6.1.4.1.27928.101.1.1.2.4.3.1.7', 'u'),
('counterMpeDiscarded3', '1.3.6.1.4.1.27928.101.1.2.1.4.3.1.7', 'u'),
('counterMpeDiscarded4', '1.3.6.1.4.1.27928.101.1.2.2.4.3.1.7', 'u'),
('counterMpeSections1', '1.3.6.1.4.1.27928.101.1.1.1.4.3.1.5', 'u'),
('counterMpeSections2', '1.3.6.1.4.1.27928.101.1.1.2.4.3.1.5', 'u'),
('counterMpeSections3', '1.3.6.1.4.1.27928.101.1.2.1.4.3.1.5', 'u'),
('counterMpeSections4', '1.3.6.1.4.1.27928.101.1.2.2.4.3.1.5', 'u'),
('counterPidPassed1', '1.3.6.1.4.1.27928.101.1.1.1.4.3.1.4', 'u'),
('counterPidPassed2', '1.3.6.1.4.1.27928.101.1.1.2.4.3.1.4', 'u'),
('counterPidPassed3', '1.3.6.1.4.1.27928.101.1.2.1.4.3.1.4', 'u'),
('counterPidPassed4', '1.3.6.1.4.1.27928.101.1.2.2.4.3.1.4', 'u'),
('crcErrors1', '1.3.6.1.4.1.27928.101.1.1.4.12.0', 'u'),
('crcErrors2', '1.3.6.1.4.1.27928.101.1.2.4.12.0', 'u'),
('demodulatorStatus1', '1.3.6.1.4.1.27928.101.1.1.4.11.0', 'i'),
('demodulatorStatus2', '1.3.6.1.4.1.27928.101.1.2.4.11.0', 'i'),
('encapsulation1', '1.3.6.1.4.1.27928.101.1.1.1.4.2.0', 'i'),
('encapsulation2', '1.3.6.1.4.1.27928.101.1.1.2.4.2.0', 'i'),
('encapsulation3', '1.3.6.1.4.1.27928.101.1.2.1.4.2.0', 'i'),
('encapsulation4', '1.3.6.1.4.1.27928.101.1.2.2.4.2.0', 'i'),
('esno1', '1.3.6.1.4.1.27928.101.1.1.4.4.0', 'i'),
('esno2', '1.3.6.1.4.1.27928.101.1.2.4.4.0', 'i'),
('ethernetAddress1', '1.3.6.1.4.1.27928.101.1.1.1.4.3.1.3', 'x'),
('ethernetAddress2', '1.3.6.1.4.1.27928.101.1.1.2.4.3.1.3', 'x'),
('ethernetAddress3', '1.3.6.1.4.1.27928.101.1.2.1.4.3.1.3', 'x'),
('ethernetAddress4', '1.3.6.1.4.1.27928.101.1.2.2.4.3.1.3', 'x'),
('filterIndex1', '1.3.6.1.4.1.27928.101.1.1.1.4.3.1.1', 'i'),
('filterIndex2', '1.3.6.1.4.1.27928.101.1.1.2.4.3.1.1', 'i'),
('filterIndex3', '1.3.6.1.4.1.27928.101.1.2.1.4.3.1.1', 'i'),
('filterIndex4', '1.3.6.1.4.1.27928.101.1.2.2.4.3.1.1', 'i'),
('filterMulticastMode1', '1.3.6.1.4.1.27928.101.1.1.1.4.3.1.10', 'i'),
('filterMulticastMode2', '1.3.6.1.4.1.27928.101.1.1.2.4.3.1.10', 'i'),
('filterMulticastMode3', '1.3.6.1.4.1.27928.101.1.2.1.4.3.1.10', 'i'),
('filterMulticastMode4', '1.3.6.1.4.1.27928.101.1.2.2.4.3.1.10', 'i'),
('filters1Table', '1.3.6.1.4.1.27928.101.1.1.1.4.3', NULL),
('filters2Table', '1.3.6.1.4.1.27928.101.1.1.2.4.3', NULL),
('filters3Table', '1.3.6.1.4.1.27928.101.1.2.1.4.3', NULL),
('filters4Table', '1.3.6.1.4.1.27928.101.1.2.2.4.3', NULL),
('filterStatus1', '1.3.6.1.4.1.27928.101.1.1.1.4.3.1.8', 'i'),
('filterStatus2', '1.3.6.1.4.1.27928.101.1.1.2.4.3.1.8', 'i'),
('filterStatus3', '1.3.6.1.4.1.27928.101.1.2.1.4.3.1.8', 'i'),
('filterStatus4', '1.3.6.1.4.1.27928.101.1.2.2.4.3.1.8', 'i'),
('fpgaImageFilename', '1.3.6.1.4.1.27928.101.3.15.0', 's'),
('fpgaVersion', '1.3.6.1.4.1.27928.101.3.6.0', 's'),
('fpgaVersionActive', '1.3.6.1.4.1.27928.101.3.17.1.5', 'i'),
('fpgaVersionIndex', '1.3.6.1.4.1.27928.101.3.17.1.1', 'i'),
('fpgaVersionSize', '1.3.6.1.4.1.27928.101.3.17.1.3', 'u'),
('fpgaVersionValid', '1.3.6.1.4.1.27928.101.3.17.1.4', 'i'),
('fpgaVersionValue', '1.3.6.1.4.1.27928.101.3.17.1.2', 's'),
('frameTypeStatus1', '1.3.6.1.4.1.27928.101.1.1.4.10.0', 'i'),
('frameTypeStatus2', '1.3.6.1.4.1.27928.101.1.2.4.10.0', 'i'),
('frequency1', '1.3.6.1.4.1.27928.101.1.1.1.1.1.0', 'u'),
('frequency2', '1.3.6.1.4.1.27928.101.1.1.2.1.1.0', 'u'),
('frequency3', '1.3.6.1.4.1.27928.101.1.2.1.1.1.0', 'u'),
('frequency4', '1.3.6.1.4.1.27928.101.1.2.2.1.1.0', 'u'),
('frequencyOffset1', '1.3.6.1.4.1.27928.101.1.1.4.2.0', 'i'),
('frequencyOffset2', '1.3.6.1.4.1.27928.101.1.2.4.2.0', 'i'),
('gain1', '1.3.6.1.4.1.27928.101.1.1.1.1.3.0', 'i'),
('gain2', '1.3.6.1.4.1.27928.101.1.1.2.1.3.0', 'i'),
('gain3', '1.3.6.1.4.1.27928.101.1.2.1.1.3.0', 'i'),
('gain4', '1.3.6.1.4.1.27928.101.1.2.2.1.3.0', 'i'),
('goldCode1', '1.3.6.1.4.1.27928.101.1.1.1.2.8.0', 'i'),
('goldCode2', '1.3.6.1.4.1.27928.101.1.1.2.2.8.0', 'i'),
('goldCode3', '1.3.6.1.4.1.27928.101.1.2.1.2.8.0', 'i'),
('goldCode4', '1.3.6.1.4.1.27928.101.1.2.2.2.8.0', 'i'),
('hardwareVersion', '1.3.6.1.4.1.27928.101.3.7.0', 's'),
('isi1', '1.3.6.1.4.1.27928.101.1.1.1.4.1.0', 'i'),
('isi2', '1.3.6.1.4.1.27928.101.1.1.2.4.1.0', 'i'),
('isi3', '1.3.6.1.4.1.27928.101.1.2.1.4.1.0', 'i'),
('isi4', '1.3.6.1.4.1.27928.101.1.2.2.4.1.0', 'i'),
('isolateNets', '1.3.6.1.4.1.27928.101.2.22.0', 'i'),
('lanDefaultGateway', '1.3.6.1.4.1.27928.101.2.13.0', 'a'),
('lanDhcpClient', '1.3.6.1.4.1.27928.101.2.15.0', 'i'),
('lanIpAddress', '1.3.6.1.4.1.27928.101.2.10.0', 'a'),
('lanMacAddress', '1.3.6.1.4.1.27928.101.2.14.0', 'x'),
('lanMulticastMode', '1.3.6.1.4.1.27928.101.2.12.0', 'i'),
('lanSubnetMask', '1.3.6.1.4.1.27928.101.2.11.0', 'a'),
('linkMargin1', '1.3.6.1.4.1.27928.101.1.1.4.6.0', 'i'),
('linkMargin2', '1.3.6.1.4.1.27928.101.1.2.4.6.0', 'i'),
('lnbPower1', '1.3.6.1.4.1.27928.101.1.1.1.3.1.0', 'i'),
('lnbPower2', '1.3.6.1.4.1.27928.101.1.1.2.3.1.0', 'i'),
('lnbPower3', '1.3.6.1.4.1.27928.101.1.2.1.3.1.0', 'i'),
('lnbPower4', '1.3.6.1.4.1.27928.101.1.2.2.3.1.0', 'i'),
('managementDefaultGateway', '1.3.6.1.4.1.27928.101.2.4.0', 'a'),
('managementDhcpClient', '1.3.6.1.4.1.27928.101.2.5.0', 'i'),
('managementDscp', '1.3.6.1.4.1.27928.101.2.6.0', 'i'),
('managementIpAddress', '1.3.6.1.4.1.27928.101.2.1.0', 'a'),
('managementMacAddress', '1.3.6.1.4.1.27928.101.2.3.0', 'x'),
('managementMulticastMode', '1.3.6.1.4.1.27928.101.2.8.0', 'i'),
('managementSubnetMask', '1.3.6.1.4.1.27928.101.2.2.0', 'a'),
('managementVlanId', '1.3.6.1.4.1.27928.101.2.7.0', 'i'),
('menuTimeout', '1.3.6.1.4.1.27928.101.3.23.0', 'u'),
('modcod1', '1.3.6.1.4.1.27928.101.1.1.1.2.4.0', 'i'),
('modcod2', '1.3.6.1.4.1.27928.101.1.1.2.2.4.0', 'i'),
('modcod3', '1.3.6.1.4.1.27928.101.1.2.1.2.4.0', 'i'),
('modcod4', '1.3.6.1.4.1.27928.101.1.2.2.2.4.0', 'i'),
('modcodStatus1', '1.3.6.1.4.1.27928.101.1.1.4.7.0', 'i'),
('modcodStatus2', '1.3.6.1.4.1.27928.101.1.2.4.7.0', 'i'),
('ntpServerIpAddress', '1.3.6.1.4.1.27928.101.3.10.0', 'a'),
('password', '1.3.6.1.4.1.27928.101.3.9.0', 's'),
('permanentStorageDevice', '1.3.6.1.4.1.27928.101.3.21.0', 's'),
('pid1', '1.3.6.1.4.1.27928.101.1.1.1.4.3.1.2', 'i'),
('pid2', '1.3.6.1.4.1.27928.101.1.1.2.4.3.1.2', 'i'),
('pid3', '1.3.6.1.4.1.27928.101.1.2.1.4.3.1.2', 'i'),
('pid4', '1.3.6.1.4.1.27928.101.1.2.2.4.3.1.2', 'i'),
('pilots1', '1.3.6.1.4.1.27928.101.1.1.1.2.6.0', 'i'),
('pilots2', '1.3.6.1.4.1.27928.101.1.1.2.2.6.0', 'i'),
('pilots3', '1.3.6.1.4.1.27928.101.1.2.1.2.6.0', 'i'),
('pilots4', '1.3.6.1.4.1.27928.101.1.2.2.2.6.0', 'i'),
('pilotsStatus1', '1.3.6.1.4.1.27928.101.1.1.4.9.0', 'i'),
('pilotsStatus2', '1.3.6.1.4.1.27928.101.1.2.4.9.0', 'i'),
('powerLevel1', '1.3.6.1.4.1.27928.101.1.1.4.3.0', 'i'),
('powerLevel2', '1.3.6.1.4.1.27928.101.1.2.4.3.0', 'i'),
('productionCode', '1.3.6.1.4.1.27928.101.3.4.0', 'u'),
('profileName1', '1.3.6.1.4.1.27928.101.1.1.1.5.0', 's'),
('profileName2', '1.3.6.1.4.1.27928.101.1.1.2.5.0', 's'),
('profileName3', '1.3.6.1.4.1.27928.101.1.2.1.5.0', 's'),
('profileName4', '1.3.6.1.4.1.27928.101.1.2.2.5.0', 's'),
('resetCounters1', '1.3.6.1.4.1.27928.101.1.1.4.14.0', 'i'),
('resetCounters2', '1.3.6.1.4.1.27928.101.1.2.4.14.0', 'i'),
('rollOff1', '1.3.6.1.4.1.27928.101.1.1.1.2.5.0', 'i'),
('rollOff2', '1.3.6.1.4.1.27928.101.1.1.2.2.5.0', 'i'),
('rollOff3', '1.3.6.1.4.1.27928.101.1.2.1.2.5.0', 'i'),
('rollOff4', '1.3.6.1.4.1.27928.101.1.2.2.2.5.0', 'i'),
('rollOffStatus1', '1.3.6.1.4.1.27928.101.1.1.4.8.0', 'i'),
('rollOffStatus2', '1.3.6.1.4.1.27928.101.1.2.4.8.0', 'i'),
('routerArpMode', '1.3.6.1.4.1.27928.101.2.9.0', 'i'),
('routerArpPeriod', '1.3.6.1.4.1.27928.101.2.18.0', 'u'),
('routerArpTimeout', '1.3.6.1.4.1.27928.101.2.19.0', 'u'),
('routerIpAddress', '1.3.6.1.4.1.27928.101.2.16.0', 'a'),
('routerMacAddress', '1.3.6.1.4.1.27928.101.2.17.0', 'x'),
('rx1CfgMode', '1.3.6.1.4.1.27928.101.1.1.3.3.0', 'i'),
('rx1CfgSet1Status', '1.3.6.1.4.1.27928.101.1.1.3.1.0', 'i'),
('rx1CfgSet2Status', '1.3.6.1.4.1.27928.101.1.1.3.2.0', 'i'),
('rx1CfgSwitchPeriod', '1.3.6.1.4.1.27928.101.1.1.3.4.0', 'i'),
('rx1NumFilters', '1.3.6.1.4.1.27928.101.1.1.5.0', 'u'),
('rx2CfgMode', '1.3.6.1.4.1.27928.101.1.2.3.3.0', 'i'),
('rx2CfgSet1Status', '1.3.6.1.4.1.27928.101.1.2.3.1.0', 'i'),
('rx2CfgSet2Status', '1.3.6.1.4.1.27928.101.1.2.3.2.0', 'i'),
('rx2CfgSwitchPeriod', '1.3.6.1.4.1.27928.101.1.2.3.4.0', 'i'),
('rx2NumFilters', '1.3.6.1.4.1.27928.101.1.2.5.0', 'u'),
('rxActive', '1.3.6.1.4.1.27928.101.1.3.1.0', 'i'),
('rxChannelOpMode', '1.3.6.1.4.1.27928.101.1.3.4.0', 'i'),
('rxChipsetModel', '1.3.6.1.4.1.27928.101.3.22.0', 's'),
('rxSwitchMode', '1.3.6.1.4.1.27928.101.1.3.2.0', 'i'),
('rxSwitchPeriod', '1.3.6.1.4.1.27928.101.1.3.3.0', 'i'),
('serialNumber', '1.3.6.1.4.1.27928.101.3.3.0', 'u'),
('signal22KHz1', '1.3.6.1.4.1.27928.101.1.1.1.3.3.0', 'i'),
('signal22KHz2', '1.3.6.1.4.1.27928.101.1.1.2.3.3.0', 'i'),
('signal22KHz3', '1.3.6.1.4.1.27928.101.1.2.1.3.3.0', 'i'),
('signal22KHz4', '1.3.6.1.4.1.27928.101.1.2.2.3.3.0', 'i'),
('snmpReadCommunity', '1.3.6.1.4.1.27928.101.3.13.0', 's'),
('snmpTrapServerIpAddress', '1.3.6.1.4.1.27928.101.3.11.0', 'a'),
('snmpWriteCommunity', '1.3.6.1.4.1.27928.101.3.12.0', 's'),
('softwareImageFilename', '1.3.6.1.4.1.27928.101.3.18.0', 's'),
('softwareVersion', '1.3.6.1.4.1.27928.101.3.5.0', 's'),
('softwareVersionActive', '1.3.6.1.4.1.27928.101.3.20.1.5', 'i'),
('softwareVersionIndex', '1.3.6.1.4.1.27928.101.3.20.1.1', 'i'),
('softwareVersionSize', '1.3.6.1.4.1.27928.101.3.20.1.3', 'u'),
('softwareVersionValid', '1.3.6.1.4.1.27928.101.3.20.1.4', 'i'),
('softwareVersionValue', '1.3.6.1.4.1.27928.101.3.20.1.2', 's'),
('spectralInversion1', '1.3.6.1.4.1.27928.101.1.1.1.2.7.0', 'i'),
('spectralInversion2', '1.3.6.1.4.1.27928.101.1.1.2.2.7.0', 'i'),
('spectralInversion3', '1.3.6.1.4.1.27928.101.1.2.1.2.7.0', 'i'),
('spectralInversion4', '1.3.6.1.4.1.27928.101.1.2.2.2.7.0', 'i'),
('standard1', '1.3.6.1.4.1.27928.101.1.1.1.2.1.0', 'i'),
('standard2', '1.3.6.1.4.1.27928.101.1.1.2.2.1.0', 'i'),
('standard3', '1.3.6.1.4.1.27928.101.1.2.1.2.1.0', 'i'),
('standard4', '1.3.6.1.4.1.27928.101.1.2.2.2.1.0', 'i'),
('startBootloaderDownload', '1.3.6.1.4.1.27928.101.3.27.0', 'i'),
('startBootloaderUpgrade', '1.3.6.1.4.1.27928.101.3.26.0', 'i'),
('startFpgaUpgrade', '1.3.6.1.4.1.27928.101.3.16.0', 'i'),
('startSoftwareUpgrade', '1.3.6.1.4.1.27928.101.3.19.0', 'i'),
('symbolRate1', '1.3.6.1.4.1.27928.101.1.1.1.2.2.0', 'u'),
('symbolRate2', '1.3.6.1.4.1.27928.101.1.1.2.2.2.0', 'u'),
('symbolRate3', '1.3.6.1.4.1.27928.101.1.2.1.2.2.0', 'u'),
('symbolRate4', '1.3.6.1.4.1.27928.101.1.2.2.2.2.0', 'u'),
('telnetTimeout', '1.3.6.1.4.1.27928.101.3.24.0', 'u'),
('tftpServerIp', '1.3.6.1.4.1.27928.101.3.14.0', 'a'),
('transportStatus1', '1.3.6.1.4.1.27928.101.1.1.4.13.0', 'i'),
('transportStatus2', '1.3.6.1.4.1.27928.101.1.2.4.13.0', 'i'),
('tunerStatus1', '1.3.6.1.4.1.27928.101.1.1.4.1.0', 'i'),
('tunerStatus2', '1.3.6.1.4.1.27928.101.1.2.4.1.0', 'i'),
('username', '1.3.6.1.4.1.27928.101.3.8.0', 's'),
('warmReset', '1.3.6.1.4.1.27928.101.3.1.0', 'i');

-- --------------------------------------------------------

--
-- Table structure for table `sr1tables`
--

CREATE TABLE IF NOT EXISTS `sr1tables` (
  `id` int(100) NOT NULL AUTO_INCREMENT,
  `name` varchar(100) NOT NULL,
  `oid` text,
  `type` text,
  `forTable` text NOT NULL,
  `row` int(11) DEFAULT NULL,
  PRIMARY KEY (`id`)
) ENGINE=InnoDB  DEFAULT CHARSET=latin1 AUTO_INCREMENT=25 ;

--
-- Dumping data for table `sr1tables`
--

INSERT INTO `sr1tables` (`id`, `name`, `oid`, `type`, `forTable`, `row`) VALUES
(1, 'softwareVersionValue', '1.3.6.1.4.1.27928.101.3.20.1.2.1', 's', 'software', 1),
(2, 'softwareVersionValue', '1.3.6.1.4.1.27928.101.3.20.1.2.2', 's', 'software', 2),
(3, 'softwareVersionSize', '1.3.6.1.4.1.27928.101.3.20.1.3.1', '', 'software', 1),
(4, 'softwareVersionSize', '1.3.6.1.4.1.27928.101.3.20.1.3.2', '', 'software', 2),
(5, 'softwareVersionValid', '1.3.6.1.4.1.27928.101.3.20.1.4.1', 'i', 'software', 1),
(6, 'softwareVersionValid', '1.3.6.1.4.1.27928.101.3.20.1.4.2', 'i', 'software', 2),
(7, 'softwareVersionActive', '1.3.6.1.4.1.27928.101.3.20.1.5.1', 'i', 'software', 1),
(8, 'softwareVersionActive', '1.3.6.1.4.1.27928.101.3.20.1.5.2', 'i', 'software', 2),
(9, 'fpgaVersionValue', '1.3.6.1.4.1.27928.101.3.17.1.2.1', 's', 'fpga', 1),
(10, 'fpgaVersionSize', '1.3.6.1.4.1.27928.101.3.17.1.3.1', '', 'fpga', 1),
(11, 'fpgaVersionValid', '1.3.6.1.4.1.27928.101.3.17.1.4.1', 'i', 'fpga', 1),
(12, 'fpgaVersionActive', '1.3.6.1.4.1.27928.101.3.17.1.5.1', 'i', 'fpga', 1),
(13, 'fpgaVersionValue', '1.3.6.1.4.1.27928.101.3.17.1.2.2', 's', 'fpga', 2),
(14, 'fpgaVersionSize', '1.3.6.1.4.1.27928.101.3.17.1.3.2', '', 'fpga', 2),
(15, 'fpgaVersionValid', '1.3.6.1.4.1.27928.101.3.17.1.4.2', 'i', 'fpga', 2),
(16, 'fpgaVersionActive', '1.3.6.1.4.1.27928.101.3.17.1.5.2', 'i', 'fpga', 2),
(21, 'blVersionValue', '1.3.6.1.4.1.27928.101.3.28.1.2.1', 's', 'bl', 1),
(22, 'blVersionSize', '1.3.6.1.4.1.27928.101.3.28.1.3.1', '', 'bl', 1),
(23, 'blVersionValid', '1.3.6.1.4.1.27928.101.3.28.1.4.1', 'i', 'bl', 1),
(24, 'blVersionActive', '1.3.6.1.4.1.27928.101.3.28.1.5.1', 'i', 'bl', 1);

-- --------------------------------------------------------

--
-- Table structure for table `st1mib`
--

CREATE TABLE IF NOT EXISTS `st1mib` (
  `name` varchar(100) NOT NULL,
  `oid` text,
  `type` text,
  PRIMARY KEY (`name`)
) ENGINE=InnoDB DEFAULT CHARSET=latin1;

--
-- Dumping data for table `st1mib`
--

INSERT INTO `st1mib` (`name`, `oid`, `type`) VALUES
('bootloaderImageFilename', '1.3.6.1.4.1.27928.102.4.23.0', 's'),
('bootloaderVersionActive', '1.3.6.1.4.1.27928.102.4.26.1.5', 'i'),
('bootloaderVersionIndex', '1.3.6.1.4.1.27928.102.4.26.1.1', 'i'),
('bootloaderVersionSize', '1.3.6.1.4.1.27928.102.4.26.1.3', 'u'),
('bootloaderVersionValid', '1.3.6.1.4.1.27928.102.4.26.1.4', 'i'),
('bootloaderVersionValue', '1.3.6.1.4.1.27928.102.4.26.1.2', 's'),
('buc10MHzOutput', '1.3.6.1.4.1.27928.102.1.4.2.0', 'i'),
('bucPowerState', '1.3.6.1.4.1.27928.102.1.4.1.0', 'i'),
('coldReset', '1.3.6.1.4.1.27928.102.4.2.0', 'i'),
('dividerI', '1.3.6.1.4.1.27928.102.4.22.2.3.0', 'u'),
('dividerQ', '1.3.6.1.4.1.27928.102.4.22.2.6.0', 'u'),
('egrDscp', '1.3.6.1.4.1.27928.102.1.5.6.0', 'u'),
('egrDstEthAddress', '1.3.6.1.4.1.27928.102.1.5.1.0', 'x'),
('egrDstIpAddress', '1.3.6.1.4.1.27928.102.1.5.8.0', 'a'),
('egrDstUdpPort', '1.3.6.1.4.1.27928.102.1.5.10.0', 'u'),
('egrModOutputEnabled', '1.3.6.1.4.1.27928.102.1.5.11.0', 'i'),
('egrNetOutputEnabled', '1.3.6.1.4.1.27928.102.1.5.12.0', 'i'),
('egrSrcEthAddress', '1.3.6.1.4.1.27928.102.1.5.2.0', 'x'),
('egrSrcIpAddress', '1.3.6.1.4.1.27928.102.1.5.7.0', 'a'),
('egrSrcUdpPort', '1.3.6.1.4.1.27928.102.1.5.9.0', 'u'),
('egrTsoipMaxTimeout', '1.3.6.1.4.1.27928.102.1.5.15.0', 'u'),
('egrTsoipNumber', '1.3.6.1.4.1.27928.102.1.5.13.0', 'u'),
('egrTsoipPcrAwarenessEnable', '1.3.6.1.4.1.27928.102.1.5.16.0', 'i'),
('egrTsoipTimeoutAwarenessEnable', '1.3.6.1.4.1.27928.102.1.5.14.0', 'i'),
('egrVlanPcp', '1.3.6.1.4.1.27928.102.1.5.4.0', 'u'),
('egrVlanSupport', '1.3.6.1.4.1.27928.102.1.5.3.0', 'i'),
('egrVlanVid', '1.3.6.1.4.1.27928.102.1.5.5.0', 'u'),
('fpgaImageFilename', '1.3.6.1.4.1.27928.102.4.15.0', 's'),
('fpgaVersion', '1.3.6.1.4.1.27928.102.4.6.0', 's'),
('fpgaVersionActive', '1.3.6.1.4.1.27928.102.4.17.1.5', 'i'),
('fpgaVersionIndex', '1.3.6.1.4.1.27928.102.4.17.1.1', 'i'),
('fpgaVersionSize', '1.3.6.1.4.1.27928.102.4.17.1.3', 'u'),
('fpgaVersionValid', '1.3.6.1.4.1.27928.102.4.17.1.4', 'i'),
('fpgaVersionValue', '1.3.6.1.4.1.27928.102.4.17.1.2', 's'),
('frequency', '1.3.6.1.4.1.27928.102.4.22.2.1.0', 'u'),
('hardwareVersion', '1.3.6.1.4.1.27928.102.4.7.0', 's'),
('ipfwdEnabled', '1.3.6.1.4.1.27928.102.1.3.1.1.1.6', 'i'),
('ipfwdEntryIndex', '1.3.6.1.4.1.27928.102.1.3.1.1.1.1', 'u'),
('ipfwdIpAddress', '1.3.6.1.4.1.27928.102.1.3.1.1.1.2', 'a'),
('ipfwdIpNetmask', '1.3.6.1.4.1.27928.102.1.3.1.1.1.3', 'a'),
('ipfwdMacAddress', '1.3.6.1.4.1.27928.102.1.3.1.1.1.4', 'x'),
('ipfwdPid', '1.3.6.1.4.1.27928.102.1.3.1.1.1.5', 'u'),
('isolateNetworks', '1.3.6.1.4.1.27928.102.3.21.0', 'i'),
('lanDefaultGateway', '1.3.6.1.4.1.27928.102.3.14.0', 'a'),
('lanDhcpClient', '1.3.6.1.4.1.27928.102.3.16.0', 'i'),
('lanIpAddress', '1.3.6.1.4.1.27928.102.3.11.0', 'a'),
('lanMacAddress', '1.3.6.1.4.1.27928.102.3.15.0', 'x'),
('lanMulticastMode', '1.3.6.1.4.1.27928.102.3.13.0', 'i'),
('lanSubnetMask', '1.3.6.1.4.1.27928.102.3.12.0', 'a'),
('loadValues', '1.3.6.1.4.1.27928.102.4.22.2.10.0', 'i'),
('managementDefaultGateway', '1.3.6.1.4.1.27928.102.3.4.0', 'a'),
('managementDhcpClient', '1.3.6.1.4.1.27928.102.3.5.0', 'i'),
('managementDscp', '1.3.6.1.4.1.27928.102.3.6.0', 'i'),
('managementIpAddress', '1.3.6.1.4.1.27928.102.3.1.0', 'a'),
('managementMacAddress', '1.3.6.1.4.1.27928.102.3.3.0', 'x'),
('managementMulticastMode', '1.3.6.1.4.1.27928.102.3.8.0', 'i'),
('managementPortState', '1.3.6.1.4.1.27928.102.3.9.0', 'i'),
('managementSubnetMask', '1.3.6.1.4.1.27928.102.3.2.0', 'a'),
('managementVlanId', '1.3.6.1.4.1.27928.102.3.7.0', 'i'),
('maxPwl', '1.3.6.1.4.1.27928.102.4.22.2.8.0', 'i'),
('modCarrierAtOutput', '1.3.6.1.4.1.27928.102.1.2.11.0', 'i'),
('modDvbs2Profile', '1.3.6.1.4.1.27928.102.1.2.6.0', 'i'),
('modFrameType', '1.3.6.1.4.1.27928.102.1.2.4.0', 'i'),
('modInputBitrateStatus', '1.3.6.1.4.1.27928.102.2.3.0', 'u'),
('modModcod', '1.3.6.1.4.1.27928.102.1.2.2.0', 'i'),
('modModcodStatus', '1.3.6.1.4.1.27928.102.2.5.0', 'i'),
('modOutputBitrateStatus', '1.3.6.1.4.1.27928.102.2.4.0', 'u'),
('modOutputFormat', '1.3.6.1.4.1.27928.102.1.2.10.0', 'i'),
('modPilots', '1.3.6.1.4.1.27928.102.1.2.3.0', 'i'),
('modPowerState', '1.3.6.1.4.1.27928.102.1.2.8.0', 'i'),
('modRollOff', '1.3.6.1.4.1.27928.102.1.2.5.0', 'i'),
('modRolloffStatus', '1.3.6.1.4.1.27928.102.2.6.0', 'i'),
('modScramblerSeed', '1.3.6.1.4.1.27928.102.1.2.7.0', 'i'),
('modSpectrumInversion', '1.3.6.1.4.1.27928.102.1.2.9.0', 'i'),
('modSymbolRate', '1.3.6.1.4.1.27928.102.1.2.1.0', 'u'),
('multiplierI', '1.3.6.1.4.1.27928.102.4.22.2.2.0', 'u'),
('multiplierQ', '1.3.6.1.4.1.27928.102.4.22.2.5.0', 'u'),
('ntpServerIpAddress', '1.3.6.1.4.1.27928.102.4.10.0', 'a'),
('offsetI', '1.3.6.1.4.1.27928.102.4.22.2.4.0', 'i'),
('offsetQ', '1.3.6.1.4.1.27928.102.4.22.2.7.0', 'i'),
('password', '1.3.6.1.4.1.27928.102.4.9.0', 's'),
('permanentStorageDevice', '1.3.6.1.4.1.27928.102.4.21.0', 's'),
('productionCode', '1.3.6.1.4.1.27928.102.4.4.0', 'u'),
('rfCalibrationDivI', '1.3.6.1.4.1.27928.102.4.22.1.1.5', 'u'),
('rfCalibrationDivQ', '1.3.6.1.4.1.27928.102.4.22.1.1.8', 'u'),
('rfCalibrationEntryIndex', '1.3.6.1.4.1.27928.102.4.22.1.1.1', 'u'),
('rfCalibrationMaxPwl', '1.3.6.1.4.1.27928.102.4.22.1.1.10', 'i'),
('rfCalibrationMulI', '1.3.6.1.4.1.27928.102.4.22.1.1.4', 'u'),
('rfCalibrationMulQ', '1.3.6.1.4.1.27928.102.4.22.1.1.7', 'u'),
('rfCalibrationOffsetI', '1.3.6.1.4.1.27928.102.4.22.1.1.6', 'i'),
('rfCalibrationOffsetQ', '1.3.6.1.4.1.27928.102.4.22.1.1.9', 'i'),
('rfCalibrationRangeEnd', '1.3.6.1.4.1.27928.102.4.22.1.1.3', 'u'),
('rfCalibrationRangeStart', '1.3.6.1.4.1.27928.102.4.22.1.1.2', 'u'),
('routerArpMode', '1.3.6.1.4.1.27928.102.3.10.0', 'i'),
('routerArpPeriod', '1.3.6.1.4.1.27928.102.3.19.0', 'u'),
('routerArpTimeout', '1.3.6.1.4.1.27928.102.3.20.0', 'u'),
('routerIpAddress', '1.3.6.1.4.1.27928.102.3.17.0', 'a'),
('routerMacAddress', '1.3.6.1.4.1.27928.102.3.18.0', 'x'),
('serialNumber', '1.3.6.1.4.1.27928.102.4.3', 'u'),
('snmpReadCommunity', '1.3.6.1.4.1.27928.102.4.13.0', 's'),
('snmpTrapServerIpAddress', '1.3.6.1.4.1.27928.102.4.11.0', 'a'),
('snmpWriteCommunity', '1.3.6.1.4.1.27928.102.4.12.0', 's'),
('softwareImageFilename', '1.3.6.1.4.1.27928.102.4.18.0', 's'),
('softwareVersion', '1.3.6.1.4.1.27928.102.4.5.0', 's'),
('softwareVersionActive', '1.3.6.1.4.1.27928.102.4.20.1.5', 'i'),
('softwareVersionIndex', '1.3.6.1.4.1.27928.102.4.20.1.1', 'i'),
('softwareVersionSize', '1.3.6.1.4.1.27928.102.4.20.1.3', 'u'),
('softwareVersionValid', '1.3.6.1.4.1.27928.102.4.20.1.4', 'i'),
('softwareVersionValue', '1.3.6.1.4.1.27928.102.4.20.1.2', 's'),
('startBootloaderDownload', '1.3.6.1.4.1.27928.102.4.25.0', 'i'),
('startBootloaderUpgrade', '1.3.6.1.4.1.27928.102.4.24.0', 'i'),
('startFpgaUpgrade', '1.3.6.1.4.1.27928.102.4.16.0', 'i'),
('startSoftwareUpgrade', '1.3.6.1.4.1.27928.102.4.19.0', 'i'),
('storeValues', '1.3.6.1.4.1.27928.102.4.22.2.11.0', 'i'),
('telnetTimeout', '1.3.6.1.4.1.27928.102.4.27.0', 'u'),
('testSignalControl', '1.3.6.1.4.1.27928.102.4.22.2.9.0', 'i'),
('tftpServerIp', '1.3.6.1.4.1.27928.102.4.14.0', 'a'),
('txFrequency', '1.3.6.1.4.1.27928.102.1.1.1.0', 'u'),
('txFrequencyStatus', '1.3.6.1.4.1.27928.102.2.2.0', 'u'),
('txPowerLevel', '1.3.6.1.4.1.27928.102.1.1.2.0', 'i'),
('txPowerState', '1.3.6.1.4.1.27928.102.1.1.3.0', 'i'),
('txPowerStateInitial', '1.3.6.1.4.1.27928.102.1.1.4.0', 'i'),
('txPowerStateStatus', '1.3.6.1.4.1.27928.102.2.1.0', 'i'),
('username', '1.3.6.1.4.1.27928.102.4.8.0', 's'),
('vrrpAdvInterval', '1.3.6.1.4.1.27928.102.3.28.0', 'u'),
('vrrpEnabled', '1.3.6.1.4.1.27928.102.3.22.0', 'i'),
('vrrpIpAddress', '1.3.6.1.4.1.27928.102.3.23.0', 'a'),
('vrrpIpNetmask', '1.3.6.1.4.1.27928.102.3.24.0', 'a'),
('vrrpPriority', '1.3.6.1.4.1.27928.102.3.27.0', 'u'),
('vrrpState', '1.3.6.1.4.1.27928.102.3.26.0', 'i'),
('vrrpVrid', '1.3.6.1.4.1.27928.102.3.25.0', 'u'),
('warmReset', '1.3.6.1.4.1.27928.102.4.1.0', 'i');

-- --------------------------------------------------------

--
-- Table structure for table `st1tables`
--

CREATE TABLE IF NOT EXISTS `st1tables` (
  `id` int(100) NOT NULL AUTO_INCREMENT,
  `name` varchar(100) NOT NULL,
  `oid` text,
  `type` text,
  `forTable` text NOT NULL,
  `row` int(11) DEFAULT NULL,
  PRIMARY KEY (`id`)
) ENGINE=InnoDB  DEFAULT CHARSET=latin1 AUTO_INCREMENT=25 ;

--
-- Dumping data for table `st1tables`
--

INSERT INTO `st1tables` (`id`, `name`, `oid`, `type`, `forTable`, `row`) VALUES
(1, 'softwareVersionValue', '1.3.6.1.4.1.27928.102.4.20.1.2.1', 's', 'software', 1),
(2, 'softwareVersionValue', '1.3.6.1.4.1.27928.102.4.20.1.2.2', 's', 'software', 2),
(3, 'softwareVersionSize', '1.3.6.1.4.1.27928.102.4.20.1.3.1', '', 'software', 1),
(4, 'softwareVersionSize', '1.3.6.1.4.1.27928.102.4.20.1.3.2', '', 'software', 2),
(5, 'softwareVersionValid', '1.3.6.1.4.1.27928.102.4.20.1.4.1', 'i', 'software', 1),
(6, 'softwareVersionValid', '1.3.6.1.4.1.27928.102.4.20.1.4.2', 'i', 'software', 2),
(7, 'softwareVersionActive', '1.3.6.1.4.1.27928.102.4.20.1.5.1', 'i', 'software', 1),
(8, 'softwareVersionActive', '1.3.6.1.4.1.27928.102.4.20.1.5.2', 'i', 'software', 2),
(9, 'fpgaVersionValue', '1.3.6.1.4.1.27928.102.4.17.1.2.1', 's', 'fpga', 1),
(10, 'fpgaVersionSize', '1.3.6.1.4.1.27928.102.4.17.1.3.1', '', 'fpga', 1),
(11, 'fpgaVersionValid', '1.3.6.1.4.1.27928.102.4.17.1.4.1', 'i', 'fpga', 1),
(12, 'fpgaVersionActive', '1.3.6.1.4.1.27928.102.4.17.1.5.1', 'i', 'fpga', 1),
(13, 'fpgaVersionValue', '1.3.6.1.4.1.27928.102.4.17.1.2.2', 's', 'fpga', 2),
(14, 'fpgaVersionSize', '1.3.6.1.4.1.27928.102.4.17.1.3.2', '', 'fpga', 2),
(15, 'fpgaVersionValid', '1.3.6.1.4.1.27928.102.4.17.1.4.2', 'i', 'fpga', 2),
(16, 'fpgaVersionActive', '1.3.6.1.4.1.27928.102.4.17.1.5.2', 'i', 'fpga', 2),
(21, 'blVersionValue', '1.3.6.1.4.1.27928.102.4.26.1.2.1', 's', 'bl', 1),
(22, 'blVersionSize', '1.3.6.1.4.1.27928.102.4.26.1.3.1', '', 'bl', 1),
(23, 'blVersionValid', '1.3.6.1.4.1.27928.102.4.26.1.4.1', 'i', 'bl', 1),
(24, 'blVersionActive', '1.3.6.1.4.1.27928.102.4.26.1.5.1', 'i', 'bl', 1);

-- --------------------------------------------------------

--
-- Table structure for table `st_ipFwdTable`
--

CREATE TABLE IF NOT EXISTS `st_ipFwdTable` (
  `Instance` int(11) unsigned NOT NULL AUTO_INCREMENT,
  `ipfwdEntryIndex` int(11) DEFAULT NULL,
  `ipfwdIpAddress` text,
  `ipfwdIpNetmask` text,
  `ipfwdMacAddress` text,
  `ipfwdPid` int(11) DEFAULT NULL,
  `ipfwdEnabled` int(11) DEFAULT NULL,
  `time` timestamp NOT NULL DEFAULT '0000-00-00 00:00:00' ON UPDATE CURRENT_TIMESTAMP,
  PRIMARY KEY (`Instance`)
) ENGINE=InnoDB  DEFAULT CHARSET=latin1 AUTO_INCREMENT=257 ;

--

--
-- --------------------------------------------------------

--
-- Table structure for table `tc1mib`
--

CREATE TABLE IF NOT EXISTS `tc1mib` (
  `name` varchar(100) NOT NULL,
  `oid` text,
  `type` text,
  PRIMARY KEY (`name`)
) ENGINE=InnoDB DEFAULT CHARSET=latin1;

--
-- Dumping data for table `tc1mib`
--

INSERT INTO `tc1mib` (`name`, `oid`, `type`) VALUES
('acquisitionBandwidth1', '1.3.6.1.4.1.27928.103.1.1.1.1.1.2.0', 'u'),
('acquisitionBandwidth2', '1.3.6.1.4.1.27928.103.1.1.1.2.1.2.0', 'u'),
('acquisitionBandwidth3', '1.3.6.1.4.1.27928.103.1.1.2.1.1.2.0', 'u'),
('acquisitionBandwidth4', '1.3.6.1.4.1.27928.103.1.1.2.2.1.2.0', 'u'),
('ber1', '1.3.6.1.4.1.27928.103.1.1.1.4.5.0', 'u'),
('ber2', '1.3.6.1.4.1.27928.103.1.1.2.4.5.0', 'u'),
('bootloaderImageFilename', '1.3.6.1.4.1.27928.103.3.23.0', 's'),
('bootloaderVersionActive', '1.3.6.1.4.1.27928.103.3.26.1.5', 'i'),
('bootloaderVersionIndex', '1.3.6.1.4.1.27928.103.3.26.1.1', 'i'),
('bootloaderVersionSize', '1.3.6.1.4.1.27928.103.3.26.1.3', 'u'),
('bootloaderVersionValid', '1.3.6.1.4.1.27928.103.3.26.1.4', 'i'),
('bootloaderVersionValue', '1.3.6.1.4.1.27928.103.3.26.1.2', 's'),
('codingMode1', '1.3.6.1.4.1.27928.103.1.1.1.1.2.3.0', 'i'),
('codingMode2', '1.3.6.1.4.1.27928.103.1.1.1.2.2.3.0', 'i'),
('codingMode3', '1.3.6.1.4.1.27928.103.1.1.2.1.2.3.0', 'i'),
('codingMode4', '1.3.6.1.4.1.27928.103.1.1.2.2.2.3.0', 'i'),
('coldReset', '1.3.6.1.4.1.27928.103.3.2.0', 'i'),
('compensation1', '1.3.6.1.4.1.27928.103.1.1.1.1.3.2.0', 'i'),
('compensation2', '1.3.6.1.4.1.27928.103.1.1.1.2.3.2.0', 'i'),
('compensation3', '1.3.6.1.4.1.27928.103.1.1.2.1.3.2.0', 'i'),
('compensation4', '1.3.6.1.4.1.27928.103.1.1.2.2.3.2.0', 'i'),
('crcErrors1', '1.3.6.1.4.1.27928.103.1.1.1.4.8.0', 'u'),
('crcErrors2', '1.3.6.1.4.1.27928.103.1.1.2.4.8.0', 'u'),
('demodulatorStatus1', '1.3.6.1.4.1.27928.103.1.1.1.4.7.0', 'i'),
('demodulatorStatus2', '1.3.6.1.4.1.27928.103.1.1.2.4.7.0', 'i'),
('egrAsiDscp', '1.3.6.1.4.1.27928.103.1.2.3.6.0', 'i'),
('egrAsiDstEthAddress', '1.3.6.1.4.1.27928.103.1.2.3.1.0', 'x'),
('egrAsiDstIpAddress', '1.3.6.1.4.1.27928.103.1.2.3.8.0', 'a'),
('egrAsiDstUdpPort', '1.3.6.1.4.1.27928.103.1.2.3.10.0', 'u'),
('egrAsiEnabled', '1.3.6.1.4.1.27928.103.1.2.3.15.0', 'i'),
('egrAsiMaxTimeout', '1.3.6.1.4.1.27928.103.1.2.3.14.0', 'u'),
('egrAsiPcrAwareness', '1.3.6.1.4.1.27928.103.1.2.3.12.0', 'i'),
('egrAsiSrcEthAddress', '1.3.6.1.4.1.27928.103.1.2.3.2.0', 'x'),
('egrAsiSrcIpAddress', '1.3.6.1.4.1.27928.103.1.2.3.7.0', 'a'),
('egrAsiSrcUdpPort', '1.3.6.1.4.1.27928.103.1.2.3.9.0', 'u'),
('egrAsiTimeoutAwareness', '1.3.6.1.4.1.27928.103.1.2.3.13.0', 'i'),
('egrAsiTSoIPContainerSize', '1.3.6.1.4.1.27928.103.1.2.3.11.0', 'u'),
('egrAsiVlanId', '1.3.6.1.4.1.27928.103.1.2.3.5.0', 'u'),
('egrAsiVlanPcp', '1.3.6.1.4.1.27928.103.1.2.3.4.0', 'u'),
('egrAsiVlanSupport', '1.3.6.1.4.1.27928.103.1.2.3.3.0', 'i'),
('egrRx1Dscp', '1.3.6.1.4.1.27928.103.1.2.1.6.0', 'i'),
('egrRx1DstEthAddress', '1.3.6.1.4.1.27928.103.1.2.1.1.0', 'x'),
('egrRx1DstIpAddress', '1.3.6.1.4.1.27928.103.1.2.1.8.0', 'a'),
('egrRx1DstUdpPort', '1.3.6.1.4.1.27928.103.1.2.1.10.0', 'u'),
('egrRx1Enabled', '1.3.6.1.4.1.27928.103.1.2.1.15.0', 'i'),
('egrRx1MaxTimeout', '1.3.6.1.4.1.27928.103.1.2.1.14.0', 'u'),
('egrRx1PcrAwareness', '1.3.6.1.4.1.27928.103.1.2.1.12.0', 'i'),
('egrRx1SrcEthAddress', '1.3.6.1.4.1.27928.103.1.2.1.2.0', 'x'),
('egrRx1SrcIpAddress', '1.3.6.1.4.1.27928.103.1.2.1.7.0', 'a'),
('egrRx1SrcUdpPort', '1.3.6.1.4.1.27928.103.1.2.1.9.0', 'u'),
('egrRx1TimeoutAwareness', '1.3.6.1.4.1.27928.103.1.2.1.13.0', 'i'),
('egrRx1TSoIPContainerSize', '1.3.6.1.4.1.27928.103.1.2.1.11.0', 'u'),
('egrRx1VlanId', '1.3.6.1.4.1.27928.103.1.2.1.5.0', 'u'),
('egrRx1VlanPcp', '1.3.6.1.4.1.27928.103.1.2.1.4.0', 'u'),
('egrRx1VlanSupport', '1.3.6.1.4.1.27928.103.1.2.1.3.0', 'i'),
('egrRx2Dscp', '1.3.6.1.4.1.27928.103.1.2.2.6.0', 'i'),
('egrRx2DstEthAddress', '1.3.6.1.4.1.27928.103.1.2.2.1.0', 'x'),
('egrRx2DstIpAddress', '1.3.6.1.4.1.27928.103.1.2.2.8.0', 'a'),
('egrRx2DstUdpPort', '1.3.6.1.4.1.27928.103.1.2.2.10.0', 'u'),
('egrRx2Enabled', '1.3.6.1.4.1.27928.103.1.2.2.15.0', 'i'),
('egrRx2MaxTimeout', '1.3.6.1.4.1.27928.103.1.2.2.14.0', 'u'),
('egrRx2PcrAwareness', '1.3.6.1.4.1.27928.103.1.2.2.12.0', 'i'),
('egrRx2SrcEthAddress', '1.3.6.1.4.1.27928.103.1.2.2.2.0', 'x'),
('egrRx2SrcIpAddress', '1.3.6.1.4.1.27928.103.1.2.2.7.0', 'a'),
('egrRx2SrcUdpPort', '1.3.6.1.4.1.27928.103.1.2.2.9.0', 'u'),
('egrRx2TimeoutAwareness', '1.3.6.1.4.1.27928.103.1.2.2.13.0', 'i'),
('egrRx2TSoIPContainerSize', '1.3.6.1.4.1.27928.103.1.2.2.11.0', 'u'),
('egrRx2VlanId', '1.3.6.1.4.1.27928.103.1.2.2.5.0', 'u'),
('egrRx2VlanPcp', '1.3.6.1.4.1.27928.103.1.2.2.4.0', 'u'),
('egrRx2VlanSupport', '1.3.6.1.4.1.27928.103.1.2.2.3.0', 'i'),
('encapsulation1', '1.3.6.1.4.1.27928.103.1.1.1.1.4.3.0', 'i'),
('encapsulation2', '1.3.6.1.4.1.27928.103.1.1.1.2.4.3.0', 'i'),
('encapsulation3', '1.3.6.1.4.1.27928.103.1.1.2.1.4.3.0', 'i'),
('encapsulation4', '1.3.6.1.4.1.27928.103.1.1.2.2.4.3.0', 'i'),
('esno1', '1.3.6.1.4.1.27928.103.1.1.1.4.4.0', 'i'),
('esno2', '1.3.6.1.4.1.27928.103.1.1.2.4.4.0', 'i'),
('fpgaImageFilename', '1.3.6.1.4.1.27928.103.3.15.0', 's'),
('fpgaVersion', '1.3.6.1.4.1.27928.103.3.6.0', 's'),
('fpgaVersionActive', '1.3.6.1.4.1.27928.103.3.17.1.5', 'i'),
('fpgaVersionIndex', '1.3.6.1.4.1.27928.103.3.17.1.1', 'i'),
('fpgaVersionSize', '1.3.6.1.4.1.27928.103.3.17.1.3', 'u'),
('fpgaVersionValid', '1.3.6.1.4.1.27928.103.3.17.1.4', 'i'),
('fpgaVersionValue', '1.3.6.1.4.1.27928.103.3.17.1.2', 's'),
('frameType1', '1.3.6.1.4.1.27928.103.1.1.1.1.4.1.0', 'i'),
('frameType2', '1.3.6.1.4.1.27928.103.1.1.1.2.4.1.0', 'i'),
('frameType3', '1.3.6.1.4.1.27928.103.1.1.2.1.4.1.0', 'i'),
('frameType4', '1.3.6.1.4.1.27928.103.1.1.2.2.4.1.0', 'i'),
('frequency1', '1.3.6.1.4.1.27928.103.1.1.1.1.1.1.0', 'u'),
('frequency2', '1.3.6.1.4.1.27928.103.1.1.1.2.1.1.0', 'u'),
('frequency3', '1.3.6.1.4.1.27928.103.1.1.2.1.1.1.0', 'u'),
('frequency4', '1.3.6.1.4.1.27928.103.1.1.2.2.1.1.0', 'u'),
('frequencyOffset1', '1.3.6.1.4.1.27928.103.1.1.1.4.2.0', 'u'),
('frequencyOffset2', '1.3.6.1.4.1.27928.103.1.1.2.4.2.0', 'u'),
('gain1', '1.3.6.1.4.1.27928.103.1.1.1.1.1.3.0', 'i'),
('gain2', '1.3.6.1.4.1.27928.103.1.1.1.2.1.3.0', 'i'),
('gain3', '1.3.6.1.4.1.27928.103.1.1.2.1.1.3.0', 'i'),
('gain4', '1.3.6.1.4.1.27928.103.1.1.2.2.1.3.0', 'i'),
('goldCode1', '1.3.6.1.4.1.27928.103.1.1.1.1.2.8.0', 'i'),
('goldCode2', '1.3.6.1.4.1.27928.103.1.1.1.2.2.8.0', 'i'),
('goldCode3', '1.3.6.1.4.1.27928.103.1.1.2.1.2.8.0', 'i'),
('goldCode4', '1.3.6.1.4.1.27928.103.1.1.2.2.2.8.0', 'i'),
('hardwareVersion', '1.3.6.1.4.1.27928.103.3.7.0', 's'),
('isi1', '1.3.6.1.4.1.27928.103.1.1.1.1.4.2.0', 'i'),
('isi2', '1.3.6.1.4.1.27928.103.1.1.1.2.4.2.0', 'i'),
('isi3', '1.3.6.1.4.1.27928.103.1.1.2.1.4.2.0', 'i'),
('isi4', '1.3.6.1.4.1.27928.103.1.1.2.2.4.2.0', 'i'),
('isolateNets', '1.3.6.1.4.1.27928.103.2.14.0', 'i'),
('lanDhcpClient', '1.3.6.1.4.1.27928.103.2.11.0', 'i'),
('lanIpAddress', '1.3.6.1.4.1.27928.103.2.8.0', 'a'),
('lanMacAddress', '1.3.6.1.4.1.27928.103.2.10.0', 'x'),
('lanMulticastMode', '1.3.6.1.4.1.27928.103.2.13.0', 'i'),
('lanSubnetMask', '1.3.6.1.4.1.27928.103.2.9.0', 'a'),
('linkMargin1', '1.3.6.1.4.1.27928.103.1.1.1.4.6.0', 'i'),
('linkMargin2', '1.3.6.1.4.1.27928.103.1.1.2.4.6.0', 'i'),
('lnbPower1', '1.3.6.1.4.1.27928.103.1.1.1.1.3.1.0', 'i'),
('lnbPower2', '1.3.6.1.4.1.27928.103.1.1.1.2.3.1.0', 'i'),
('lnbPower3', '1.3.6.1.4.1.27928.103.1.1.2.1.3.1.0', 'i'),
('lnbPower4', '1.3.6.1.4.1.27928.103.1.1.2.2.3.1.0', 'i'),
('managementDefaultGateway', '1.3.6.1.4.1.27928.103.2.4.0', 'a'),
('managementDhcpClient', '1.3.6.1.4.1.27928.103.2.5.0', 'i'),
('managementDscp', '1.3.6.1.4.1.27928.103.2.6.0', 'i'),
('managementIpAddress', '1.3.6.1.4.1.27928.103.2.1.0', 'a'),
('managementMacAddress', '1.3.6.1.4.1.27928.103.2.3.0', 'x'),
('managementMulticastMode', '1.3.6.1.4.1.27928.103.2.12.0', 'i'),
('managementSubnetMask', '1.3.6.1.4.1.27928.103.2.2.0', 'a'),
('managementVlanId', '1.3.6.1.4.1.27928.103.2.7.0', 'i'),
('modcod1', '1.3.6.1.4.1.27928.103.1.1.1.1.2.4.0', 'i'),
('modcod2', '1.3.6.1.4.1.27928.103.1.1.1.2.2.4.0', 'i'),
('modcod3', '1.3.6.1.4.1.27928.103.1.1.2.1.2.4.0', 'i'),
('modcod4', '1.3.6.1.4.1.27928.103.1.1.2.2.2.4.0', 'i'),
('modcodStatus1', '1.3.6.1.4.1.27928.103.1.1.1.4.10.0', 'i'),
('modcodStatus2', '1.3.6.1.4.1.27928.103.1.1.2.4.10.0', 'i'),
('ntpServerIpAddress', '1.3.6.1.4.1.27928.103.3.10.0', 'a'),
('password', '1.3.6.1.4.1.27928.103.3.9.0', 's'),
('permanentStorageDevice', '1.3.6.1.4.1.27928.103.3.21.0', 's'),
('pilots1', '1.3.6.1.4.1.27928.103.1.1.1.1.2.6.0', 'i'),
('pilots2', '1.3.6.1.4.1.27928.103.1.1.1.2.2.6.0', 'i'),
('pilots3', '1.3.6.1.4.1.27928.103.1.1.2.1.2.6.0', 'i'),
('pilots4', '1.3.6.1.4.1.27928.103.1.1.2.2.2.6.0', 'i'),
('pilotsStatus1', '1.3.6.1.4.1.27928.103.1.1.1.4.12.0', 'i'),
('pilotsStatus2', '1.3.6.1.4.1.27928.103.1.1.2.4.12.0', 'i'),
('powerLevel1', '1.3.6.1.4.1.27928.103.1.1.1.4.3.0', 'i'),
('powerLevel2', '1.3.6.1.4.1.27928.103.1.1.2.4.3.0', 'i'),
('productionCode', '1.3.6.1.4.1.27928.103.3.4.0', 'u'),
('profileName1', '1.3.6.1.4.1.27928.103.1.1.1.1.5.0', 's'),
('profileName2', '1.3.6.1.4.1.27928.103.1.1.1.2.5.0', 's'),
('profileName3', '1.3.6.1.4.1.27928.103.1.1.2.1.5.0', 's'),
('profileName4', '1.3.6.1.4.1.27928.103.1.1.2.2.5.0', 's'),
('rollOff1', '1.3.6.1.4.1.27928.103.1.1.1.1.2.5.0', 'i'),
('rollOff2', '1.3.6.1.4.1.27928.103.1.1.1.2.2.5.0', 'i'),
('rollOff3', '1.3.6.1.4.1.27928.103.1.1.2.1.2.5.0', 'i'),
('rollOff4', '1.3.6.1.4.1.27928.103.1.1.2.2.2.5.0', 'i'),
('rollOffStatus1', '1.3.6.1.4.1.27928.103.1.1.1.4.11.0', 'i'),
('rollOffStatus2', '1.3.6.1.4.1.27928.103.1.1.2.4.11.0', 'i'),
('rx1CfgMode', '1.3.6.1.4.1.27928.103.1.1.1.3.3.0', 'i'),
('rx1CfgSet1Status', '1.3.6.1.4.1.27928.103.1.1.1.3.1.0', 'i'),
('rx1CfgSet2Status', '1.3.6.1.4.1.27928.103.1.1.1.3.2.0', 'i'),
('rx1CfgSwitchPeriod', '1.3.6.1.4.1.27928.103.1.1.1.3.4.0', 'i'),
('rx2CfgMode', '1.3.6.1.4.1.27928.103.1.1.2.3.3.0', 'i'),
('rx2CfgSet1Status', '1.3.6.1.4.1.27928.103.1.1.2.3.1.0', 'i'),
('rx2CfgSet2Status', '1.3.6.1.4.1.27928.103.1.1.2.3.2.0', 'i'),
('rx2CfgSwitchPeriod', '1.3.6.1.4.1.27928.103.1.1.2.3.4.0', 'i'),
('rxActive', '1.3.6.1.4.1.27928.103.1.1.3.1.0', 'i'),
('rxChannelOpMode', '1.3.6.1.4.1.27928.103.1.1.3.4.0', 'i'),
('rxChipsetModel', '1.3.6.1.4.1.27928.103.3.22.0', 's'),
('rxSwitchMode', '1.3.6.1.4.1.27928.103.1.1.3.2.0', 'i'),
('rxSwitchPeriod', '1.3.6.1.4.1.27928.103.1.1.3.3.0', 'i'),
('serialNumber', '1.3.6.1.4.1.27928.103.3.3.0', 'u'),
('signal22KHz1', '1.3.6.1.4.1.27928.103.1.1.1.1.3.3.0', 'i'),
('signal22KHz2', '1.3.6.1.4.1.27928.103.1.1.1.2.3.3.0', 'i'),
('signal22KHz3', '1.3.6.1.4.1.27928.103.1.1.2.1.3.3.0', 'i'),
('signal22KHz4', '1.3.6.1.4.1.27928.103.1.1.2.2.3.3.0', 'i'),
('snmpReadCommunity', '1.3.6.1.4.1.27928.103.3.13.0', 's'),
('snmpTrapServerIpAddress', '1.3.6.1.4.1.27928.103.3.11.0', 'a'),
('snmpWriteCommunity', '1.3.6.1.4.1.27928.103.3.12.0', 's'),
('softwareImageFilename', '1.3.6.1.4.1.27928.103.3.18.0', 's'),
('softwareVersion', '1.3.6.1.4.1.27928.103.3.5.0', 's'),
('softwareVersionActive', '1.3.6.1.4.1.27928.103.3.20.1.5', 'i'),
('softwareVersionIndex', '1.3.6.1.4.1.27928.103.3.20.1.1', 'i'),
('softwareVersionSize', '1.3.6.1.4.1.27928.103.3.20.1.3', 'u'),
('softwareVersionValid', '1.3.6.1.4.1.27928.103.3.20.1.4', 'i'),
('softwareVersionValue', '1.3.6.1.4.1.27928.103.3.20.1.2', 's'),
('spectralInversion1', '1.3.6.1.4.1.27928.103.1.1.1.1.2.7.0', 'i'),
('spectralInversion2', '1.3.6.1.4.1.27928.103.1.1.1.2.2.7.0', 'i'),
('spectralInversion3', '1.3.6.1.4.1.27928.103.1.1.2.1.2.7.0', 'i'),
('spectralInversion4', '1.3.6.1.4.1.27928.103.1.1.2.2.2.7.0', 'i'),
('standard1', '1.3.6.1.4.1.27928.103.1.1.1.1.2.1.0', 'i'),
('standard2', '1.3.6.1.4.1.27928.103.1.1.1.2.2.1.0', 'i'),
('standard3', '1.3.6.1.4.1.27928.103.1.1.2.1.2.1.0', 'i'),
('standard4', '1.3.6.1.4.1.27928.103.1.1.2.2.2.1.0', 'i'),
('startBootloaderDownload', '1.3.6.1.4.1.27928.103.3.25.0', 'i'),
('startBootloaderUpgrade', '1.3.6.1.4.1.27928.103.3.24.0', 'i'),
('startFpgaUpgrade', '1.3.6.1.4.1.27928.103.3.16.0', 'i'),
('startSoftwareUpgrade', '1.3.6.1.4.1.27928.103.3.19.0', 'i'),
('symbolRate1', '1.3.6.1.4.1.27928.103.1.1.1.1.2.2.0', 'u'),
('symbolRate2', '1.3.6.1.4.1.27928.103.1.1.1.2.2.2.0', 'u'),
('symbolRate3', '1.3.6.1.4.1.27928.103.1.1.2.1.2.2.0', 'u'),
('symbolRate4', '1.3.6.1.4.1.27928.103.1.1.2.2.2.2.0', 'u'),
('telnetTimeout', '1.3.6.1.4.1.27928.103.3.27.0', 'u'),
('tftpServerIp', '1.3.6.1.4.1.27928.103.3.14.0', 'a'),
('transportStatus1', '1.3.6.1.4.1.27928.103.1.1.1.4.9.0', 'i'),
('transportStatus2', '1.3.6.1.4.1.27928.103.1.1.2.4.9.0', 'i'),
('tunerStatus1', '1.3.6.1.4.1.27928.103.1.1.1.4.1.0', 'i'),
('tunerStatus2', '1.3.6.1.4.1.27928.103.1.1.2.4.1.0', 'i'),
('username', '1.3.6.1.4.1.27928.103.3.8.0', 's'),
('warmReset', '1.3.6.1.4.1.27928.103.3.1.0', 'i');

-- --------------------------------------------------------

--
-- Table structure for table `tc1tables`
--

CREATE TABLE IF NOT EXISTS `tc1tables` (
  `id` int(100) NOT NULL AUTO_INCREMENT,
  `name` varchar(100) NOT NULL,
  `oid` text,
  `type` text,
  `forTable` text NOT NULL,
  `row` int(11) DEFAULT NULL,
  PRIMARY KEY (`id`)
) ENGINE=InnoDB  DEFAULT CHARSET=latin1 AUTO_INCREMENT=25 ;

--
-- Dumping data for table `tc1tables`
--

INSERT INTO `tc1tables` (`id`, `name`, `oid`, `type`, `forTable`, `row`) VALUES
(1, 'softwareVersionValue', '1.3.6.1.4.1.27928.103.3.20.1.2.1', 's', 'software', 1),
(2, 'softwareVersionValue', '1.3.6.1.4.1.27928.103.3.20.1.2.2', 's', 'software', 2),
(3, 'softwareVersionSize', '1.3.6.1.4.1.27928.103.3.20.1.3.1', '', 'software', 1),
(4, 'softwareVersionSize', '1.3.6.1.4.1.27928.103.3.20.1.3.2', '', 'software', 2),
(5, 'softwareVersionValid', '1.3.6.1.4.1.27928.103.3.20.1.4.1', 'i', 'software', 1),
(6, 'softwareVersionValid', '1.3.6.1.4.1.27928.103.3.20.1.4.2', 'i', 'software', 2),
(7, 'softwareVersionActive', '1.3.6.1.4.1.27928.103.3.20.1.5.1', 'i', 'software', 1),
(8, 'softwareVersionActive', '1.3.6.1.4.1.27928.103.3.20.1.5.2', 'i', 'software', 2),
(9, 'fpgaVersionValue', '1.3.6.1.4.1.27928.103.3.17.1.2.1', 's', 'fpga', 1),
(10, 'fpgaVersionSize', '1.3.6.1.4.1.27928.103.3.17.1.3.1', '', 'fpga', 1),
(11, 'fpgaVersionValid', '1.3.6.1.4.1.27928.103.3.17.1.4.1', 'i', 'fpga', 1),
(12, 'fpgaVersionActive', '1.3.6.1.4.1.27928.103.3.17.1.5.1', 'i', 'fpga', 1),
(13, 'fpgaVersionValue', '1.3.6.1.4.1.27928.103.3.17.1.2.2', 's', 'fpga', 2),
(14, 'fpgaVersionSize', '1.3.6.1.4.1.27928.103.3.17.1.3.2', '', 'fpga', 2),
(15, 'fpgaVersionValid', '1.3.6.1.4.1.27928.103.3.17.1.4.2', 'i', 'fpga', 2),
(16, 'fpgaVersionActive', '1.3.6.1.4.1.27928.103.3.17.1.5.2', 'i', 'fpga', 2),
(21, 'blVersionValue', '1.3.6.1.4.1.27928.103.3.26.1.2.1', 's', 'bl', 1),
(22, 'blVersionSize', '1.3.6.1.4.1.27928.103.3.26.1.3.1', '', 'bl', 1),
(23, 'blVersionValid', '1.3.6.1.4.1.27928.103.3.26.1.4.1', 'i', 'bl', 1),
(24, 'blVersionActive', '1.3.6.1.4.1.27928.103.3.26.1.5.1', 'i', 'bl', 1);

/*!40101 SET CHARACTER_SET_CLIENT=@OLD_CHARACTER_SET_CLIENT */;
/*!40101 SET CHARACTER_SET_RESULTS=@OLD_CHARACTER_SET_RESULTS */;
/*!40101 SET COLLATION_CONNECTION=@OLD_COLLATION_CONNECTION */;
